business_legal_name,license_type,license_designation,premise_city,id,license_number,licensing_authority_id,licensing_authority,premise_state,license_status,license_status_date,license_term,issue_date,expiration_date,business_owner_name,business_structure,activity,parcel_number,business_phone,business_email,business_image_url,business_website,data_refreshed_date,premise_latitude,premise_longitude,premise_county,premise_street_address,premise_zip_code
Epona Farms LLC,"
SCLT0015
",Adult-Use,"Salisbury, UK",0,,VTCCB,Vermont Cannabis Control Board,VT,,,,,,,,,,,,,,2023-08-13T15:34:53.223750,51.068785,-1.794472,Wiltshire,"Salisbury, UK","Salisbury, UK"
Valley Organics LLC,"
SCLT0004
",Adult-Use,"Jeffersonville, IN, USA",1,,VTCCB,Vermont Cannabis Control Board,VT,,,,,,,,,,,,,,2023-08-13T15:34:53.223750,38.2775702,-85.7371847,Clark County,"Jeffersonville, IN, USA","Jeffersonville, IN, USA"
"Clover Hill Cannabis, LLC","
SCLT0009
",Adult-Use,Strafford,2,,VTCCB,Vermont Cannabis Control Board,VT,,,,,,,,,,,,,,2023-08-13T15:34:53.223750,43.8356198,-72.3662166,Orange County,South Strafford,VT
Duke's Diesel LLP,"
SCLT0013
",Adult-Use,"Essex, UK",3,,VTCCB,Vermont Cannabis Control Board,VT,,,,,,,,,,,,,,2023-08-13T15:34:53.223750,51.57424469999999,0.4856781,Essex,"Essex, UK","Essex, UK"
"VT Green Castle Reserve, LLC (DBA - VT Green Castle)","
SCLT0023
",Adult-Use,,4,,VTCCB,Vermont Cannabis Control Board,VT,,,,,,,,,,,,,,2023-08-13T15:34:53.223750,,,,,
"Craft Cannabis of Vermont, LLC","
SCLT0038
",Adult-Use,VT 05301,5,,VTCCB,Vermont Cannabis Control Board,VT,,,,,,,,,,,,,,2023-08-13T15:34:53.223750,42.8509152,-72.5578678,Windham County,Brattleboro,USA
"Justin's Craft Cannabis, LLC","
SCLT0016
",Adult-Use,,6,,VTCCB,Vermont Cannabis Control Board,VT,,,,,,,,,,,,,,2023-08-13T15:34:53.223750,,,,,
Emerald Rose Farms LLC,"
SCLT0020
",Adult-Use,,7,,VTCCB,Vermont Cannabis Control Board,VT,,,,,,,,,,,,,,2023-08-13T15:34:53.223750,,,,,
Top 1 Co.,"
SCLT0080
",Adult-Use,"Williston, ND 58801, USA",8,,VTCCB,Vermont Cannabis Control Board,VT,,,,,,,,,,,,,,2023-08-13T15:34:53.223750,48.1469683,-103.6179745,Williams County,"Williston, ND 58801, USA","Williston, ND 58801, USA"
The Dank Closet,"
SCLT0136
",Adult-Use,,9,,VTCCB,Vermont Cannabis Control Board,VT,,,,,,,,,,,,,,2023-08-13T15:34:53.223750,,,,,
"VVS Labs, LLC","
SCLT0062
",Adult-Use,Hartford,10,,VTCCB,Vermont Cannabis Control Board,VT,,,,,,,,,,,,,,2023-08-13T15:34:53.223750,43.6489596,-72.3192579,Windsor County,White River Junction,VT
"Birdman Inc, Birdman Vermont","
SCLT0056
",Adult-Use,,11,,VTCCB,Vermont Cannabis Control Board,VT,,,,,,,,,,,,,,2023-08-13T15:34:53.223750,,,,,
Phyto Physic LLC,"
SCLT0109
",Adult-Use,,12,,VTCCB,Vermont Cannabis Control Board,VT,,,,,,,,,,,,,,2023-08-13T15:34:53.223750,,,,,
RootLand Cannabis LLC,"
SCLT0135
",Adult-Use,,13,,VTCCB,Vermont Cannabis Control Board,VT,,,,,,,,,,,,,,2023-08-13T15:34:53.223750,,,,,
BIG Intelligence Group,"
SCLT0104
",Adult-Use,"Worcester, UK",14,,VTCCB,Vermont Cannabis Control Board,VT,,,,,,,,,,,,,,2023-08-13T15:34:53.223750,52.193636,-2.221575,Worcestershire,"Worcester, UK","Worcester, UK"
Cognizant Sparks LLC,"
SCLT0187
",Adult-Use,,15,,VTCCB,Vermont Cannabis Control Board,VT,,,,,,,,,,,,,,2023-08-13T15:34:53.223750,,,,,
Mad River Terps LLC,"
SCLT0086
",Adult-Use,VT,16,,VTCCB,Vermont Cannabis Control Board,VT,,,,,,,,,,,,,,2023-08-13T15:34:53.223750,44.2272782,-73.05734269999999,Addison County,Starksboro,USA
RockLake,"
SCLT0108
",Adult-Use,,17,,VTCCB,Vermont Cannabis Control Board,VT,,,,,,,,,,,,,,2023-08-13T15:34:53.223750,,,,,
Green Mountain Dreams LLC; Green Mountain Dreams,"
SCLT0118
",Adult-Use,,18,,VTCCB,Vermont Cannabis Control Board,VT,,,,,,,,,,,,,,2023-08-13T15:34:53.223750,,,,,
Green Fish Family Farm LLC,"
SCLT0145
",Adult-Use,,19,,VTCCB,Vermont Cannabis Control Board,VT,,,,,,,,,,,,,,2023-08-13T15:34:53.223750,,,,,
SA Cultivation LLC,"
SCLT0134
",Adult-Use,"Plymouth, MA, USA",20,,VTCCB,Vermont Cannabis Control Board,VT,,,,,,,,,,,,,,2023-08-13T15:34:53.223750,41.9584457,-70.6672621,Plymouth County,"Plymouth, MA, USA","Plymouth, MA, USA"
Crescent Moon Farm LLC,"
SCLT0151
",Adult-Use,Burke,21,,VTCCB,Vermont Cannabis Control Board,VT,,,,,,,,,,,,,,2023-08-13T15:34:53.223750,44.64144170000001,-71.978707,Caledonia County,West Burke,05871
Dedicated,"
SCLT0137
",Adult-Use,VT,22,,VTCCB,Vermont Cannabis Control Board,VT,,,,,,,,,,,,,,2023-08-13T15:34:53.223750,44.2056098,-73.2462341,Addison County,Ferrisburgh,USA
Florist VT LLC,"
SCLT0103
",Adult-Use,VT,23,,VTCCB,Vermont Cannabis Control Board,VT,,,,,,,,,,,,,,2023-08-13T15:34:53.223750,44.2272782,-73.05734269999999,Addison County,Starksboro,USA
DBC LLC; High Altitude Cannabis (DBA),"
SCLT0162
",Adult-Use,"Hardwick, MA, USA",24,,VTCCB,Vermont Cannabis Control Board,VT,,,,,,,,,,,,,,2023-08-13T15:34:53.223750,42.3490548,-72.1986558,Worcester County,"Hardwick, MA, USA","Hardwick, MA, USA"
Verdiggity Living Organics LLC,"
SCLT0153
",Adult-Use,"Manchester, UK",25,,VTCCB,Vermont Cannabis Control Board,VT,,,,,,,,,,,,,,2023-08-13T15:34:53.223750,53.4807593,-2.2426305,Greater Manchester,"Manchester, UK","Manchester, UK"
King Cola LLC,"
SCLT0161
",Adult-Use,"Williamstown, MA 01267, USA",26,,VTCCB,Vermont Cannabis Control Board,VT,,,,,,,,,,,,,,2023-08-13T15:34:53.223750,42.7120196,-73.20368979999999,Berkshire County,"Williamstown, MA 01267, USA","Williamstown, MA 01267, USA"
Northern Green,"
SCLT0194
",Adult-Use,"Colchester, UK",27,,VTCCB,Vermont Cannabis Control Board,VT,,,,,,,,,,,,,,2023-08-13T15:34:53.223750,51.895927,0.8918740000000001,Essex,"Colchester, UK","Colchester, UK"
Grease Line Cannabis,"
SCLT0119
",Adult-Use,VT,28,,VTCCB,Vermont Cannabis Control Board,VT,,,,,,,,,,,,,,2023-08-13T15:34:53.223750,43.4033164,-72.4134916,Windsor County,Weathersfield,USA
Choice Terp LLC,"
SCLT0113
",Adult-Use,Highgate,29,,VTCCB,Vermont Cannabis Control Board,VT,,,,,,,,,,,,,,2023-08-13T15:34:53.223750,44.9385149,-73.0454456,Franklin County,Highgate Center,05459
Green River Cannabis Company,"
SCLT0120
",Adult-Use,"Hyde Park, London, UK",30,,VTCCB,Vermont Cannabis Control Board,VT,,,,,,,,,,,,,,2023-08-13T15:34:53.223750,51.5072682,-0.1657303,Greater London,"Hyde Park, London, UK","Hyde Park, London, UK"
Naked Hemp,"
SCLT0201
",Adult-Use,,31,,VTCCB,Vermont Cannabis Control Board,VT,,,,,,,,,,,,,,2023-08-13T15:34:53.223750,,,,,
Weed Connections,"
SCLT0169
",Adult-Use,"Mendon, MA, USA",32,,VTCCB,Vermont Cannabis Control Board,VT,,,,,,,,,,,,,,2023-08-13T15:34:53.223750,42.1056525,-71.5522859,Worcester County,"Mendon, MA, USA","Mendon, MA, USA"
OGW Cannabis LLC,"
SCLT0171
",Adult-Use,"Bristol, UK",33,,VTCCB,Vermont Cannabis Control Board,VT,,,,,,,,,,,,,,2023-08-13T15:34:53.223750,51.454513,-2.58791,Bristol City,"Bristol, UK","Bristol, UK"
Fern's Flowers LLC; Fern's Flowers,"
SCLT0121
",Adult-Use,Cavendish,34,,VTCCB,Vermont Cannabis Control Board,VT,,,,,,,,,,,,,,2023-08-13T15:34:53.223750,43.3910072,-72.63581340000002,Windsor County,Proctorsville,VT
District 802 LLC,"
SCLT0152
",Adult-Use,VT 05301,35,,VTCCB,Vermont Cannabis Control Board,VT,,,,,,,,,,,,,,2023-08-13T15:34:53.223750,42.8509152,-72.5578678,Windham County,Brattleboro,USA
Turkey Hollow Cannabis,"
SCLT0160
",Adult-Use,"3009 Broadway, New York, NY 10027, USA",36,,VTCCB,Vermont Cannabis Control Board,VT,,,,,,,,,,,,,,2023-08-13T15:34:53.223750,40.8095133,-73.96339689999999,New York County,"3009 Broadway, New York, NY 10027, USA","3009 Broadway, New York, NY 10027, USA"
Cann Able Farms LLC,"
SCLT0130
",Adult-Use,VT 05440,37,,VTCCB,Vermont Cannabis Control Board,VT,,,,,,,,,,,,,,2023-08-13T15:34:53.223750,44.9750541,-73.30022389999999,Grand Isle County,Alburgh,USA
Heady Righton LLC,"
SCLT0143
",Adult-Use,"Charlotte, NC, USA",38,,VTCCB,Vermont Cannabis Control Board,VT,,,,,,,,,,,,,,2023-08-13T15:34:53.223750,35.2270869,-80.8431267,Mecklenburg County,"Charlotte, NC, USA","Charlotte, NC, USA"
Tall Truck,"
SCLT0146
",Adult-Use,Danville,39,,VTCCB,Vermont Cannabis Control Board,VT,,,,,,,,,,,,,,2023-08-13T15:34:53.223750,44.4078953,-72.2104832,Caledonia County,West Danville,05873
Brown Dog Cannabis,"
SCLT0168
",Adult-Use,"Weybridge, UK",40,,VTCCB,Vermont Cannabis Control Board,VT,,,,,,,,,,,,,,2023-08-13T15:34:53.223750,51.3716269,-0.457904,Surrey,"Weybridge, UK","Weybridge, UK"
Tunbridge Roots LLC,"
SCLT0182
",Adult-Use,"Royal Tunbridge Wells, Tunbridge Wells, UK",41,,VTCCB,Vermont Cannabis Control Board,VT,,,,,,,,,,,,,,2023-08-13T15:34:53.223750,51.132377,0.263695,Kent,"Royal Tunbridge Wells, Tunbridge Wells, UK","Royal Tunbridge Wells, Tunbridge Wells, UK"
Four Turtles Farm,"
SCLT0166
",Adult-Use,VT 05602,42,,VTCCB,Vermont Cannabis Control Board,VT,,,,,,,,,,,,,,2023-08-13T15:34:53.223750,44.26005929999999,-72.5753869,Washington County,Montpelier,USA
Sunny View Farm LLC,"
SCLT0142
",Adult-Use,Jericho,43,,VTCCB,Vermont Cannabis Control Board,VT,,,,,,,,,,,,,,2023-08-13T15:34:53.223750,31.8611058,35.4617583,,Jericho,Jericho
"Apex Arboretum, LLC; dba Green State Dispensary; dba Upstate Elevator Operators","
SCLT0158
",Adult-Use,,44,,VTCCB,Vermont Cannabis Control Board,VT,,,,,,,,,,,,,,2023-08-13T15:34:53.223750,,,,,
Passion Fruit Farms LLC,"
SCLT0216
",Adult-Use,VT,45,,VTCCB,Vermont Cannabis Control Board,VT,,,,,,,,,,,,,,2023-08-13T15:34:53.223750,44.4904763,-73.1111871,Chittenden County,Essex Junction,USA
VTGRN,"
SCLT0149
",Adult-Use,VT,46,,VTCCB,Vermont Cannabis Control Board,VT,,,,,,,,,,,,,,2023-08-13T15:34:53.223750,44.2272782,-73.05734269999999,Addison County,Starksboro,USA
TCD Enterprises,"
SCLT0208
",Adult-Use,"Newport, RI, USA",47,,VTCCB,Vermont Cannabis Control Board,VT,,,,,,,,,,,,,,2023-08-13T15:34:53.223750,41.4901024,-71.3128285,Newport County,"Newport, RI, USA","Newport, RI, USA"
Humble Skunk,"
SCLT0191
",Adult-Use,"Westford, MA 01886, USA",48,,VTCCB,Vermont Cannabis Control Board,VT,,,,,,,,,,,,,,2023-08-13T15:34:53.223750,42.5792583,-71.4378411,Middlesex County,"Westford, MA 01886, USA","Westford, MA 01886, USA"
Firetower Cannabis LLC,"
SCLT0185
",Adult-Use,,49,,VTCCB,Vermont Cannabis Control Board,VT,,,,,,,,,,,,,,2023-08-13T15:34:53.223750,,,,,
Monarch Cultivation LLC,"
SCLT0193
",Adult-Use,"East Haven, CT, USA",50,,VTCCB,Vermont Cannabis Control Board,VT,,,,,,,,,,,,,,2023-08-13T15:34:53.223750,41.2841687,-72.8684565,New Haven County,"East Haven, CT, USA","East Haven, CT, USA"
Sleeper's Garden,"
SCLT0210
",Adult-Use,Jericho,51,,VTCCB,Vermont Cannabis Control Board,VT,,,,,,,,,,,,,,2023-08-13T15:34:53.223750,31.8611058,35.4617583,,Jericho,Jericho
Cloud 9 THC LLC,"
SCLT0203
",Adult-Use,"East Hardwick, Pontefract WF8, UK",52,,VTCCB,Vermont Cannabis Control Board,VT,,,,,,,,,,,,,,2023-08-13T15:34:53.223750,53.6617301,-1.2989609,West Yorkshire,"East Hardwick, Pontefract WF8, UK","East Hardwick, Pontefract WF8, UK"
Kingdom Boyz,"
SCLT0218
",Adult-Use,"W Charleston Blvd, Las Vegas, NV, USA",53,,VTCCB,Vermont Cannabis Control Board,VT,,,,,,,,,,,,,,2023-08-13T15:34:53.223750,36.1591178,-115.2573407,Clark County,"W Charleston Blvd, Las Vegas, NV, USA","W Charleston Blvd, Las Vegas, NV, USA"
VTegridy Farms,"
SCLT0214
",Adult-Use,"Hardwick, MA, USA",54,,VTCCB,Vermont Cannabis Control Board,VT,,,,,,,,,,,,,,2023-08-13T15:34:53.223750,42.3490548,-72.1986558,Worcester County,"Hardwick, MA, USA","Hardwick, MA, USA"
High Brix Cannabis Vermont,"
SCLT0219
",Adult-Use,"Hyde Park, London, UK",55,,VTCCB,Vermont Cannabis Control Board,VT,,,,,,,,,,,,,,2023-08-13T15:34:53.223750,51.5072682,-0.1657303,Greater London,"Hyde Park, London, UK","Hyde Park, London, UK"
Hidden Door Cannabis LLC,"
SCLT0211
",Adult-Use,"Castleton, Hope Valley S33, UK",56,,VTCCB,Vermont Cannabis Control Board,VT,,,,,,,,,,,,,,2023-08-13T15:34:53.223750,53.34368139999999,-1.7765105,Derbyshire,"Castleton, Hope Valley S33, UK","Castleton, Hope Valley S33, UK"
802Farmacy LLC,"
SCLT0207
",Adult-Use,"3052 Walden Ave, Depew, NY 14043, USA",57,,VTCCB,Vermont Cannabis Control Board,VT,,,,,,,,,,,,,,2023-08-13T15:34:53.223750,42.9097292,-78.714281,Erie County,"3052 Walden Ave, Depew, NY 14043, USA","3052 Walden Ave, Depew, NY 14043, USA"
Palm Treez LLC,"
SCLT0217
",Adult-Use,Georgia,58,,VTCCB,Vermont Cannabis Control Board,VT,,,,,,,,,,,,,,2023-08-13T15:34:53.223750,42.315407,43.35689199999999,,Georgia,Georgia
The Higher Collective,"
SCLT0213
",Adult-Use,"N Middlesex Rd, Middlesex Township, PA 17013, USA",59,,VTCCB,Vermont Cannabis Control Board,VT,,,,,,,,,,,,,,2023-08-13T15:34:53.223750,40.2521717,-77.139805,Cumberland County,"N Middlesex Rd, Middlesex Township, PA 17013, USA","N Middlesex Rd, Middlesex Township, PA 17013, USA"
"High Priestess LLC, High Priestess","
SCLT0224
",Adult-Use,VT 05301,60,,VTCCB,Vermont Cannabis Control Board,VT,,,,,,,,,,,,,,2023-08-13T15:34:53.223750,42.8509152,-72.5578678,Windham County,Brattleboro,USA
Mr. Tree,"
SCLT0225
",Adult-Use,VT,61,,VTCCB,Vermont Cannabis Control Board,VT,,,,,,,,,,,,,,2023-08-13T15:34:53.223750,44.4669941,-73.1709604,Chittenden County,South Burlington,USA
Density,"
SCLT0237
",Adult-Use,"Fairfield, CT, USA",62,,VTCCB,Vermont Cannabis Control Board,VT,,,,,,,,,,,,,,2023-08-13T15:34:53.223750,41.1408363,-73.2612615,Fairfield County,"Fairfield, CT, USA","Fairfield, CT, USA"
"
Cosmic Giggle Cannabis LLC
",SCLT0236,Adult-Use,"Shelburne, ON L9V, Canada",63,,VTCCB,Vermont Cannabis Control Board,VT,,,,,,,,,,,,,,2023-08-13T15:34:53.223750,44.07911900000001,-80.2011728,Dufferin County,"Shelburne, ON L9V, Canada","Shelburne, ON L9V, Canada"
"
Wookberry Farm LLC
",SCLT0235,Adult-Use,"Fairfax, VA, USA",64,,VTCCB,Vermont Cannabis Control Board,VT,,,,,,,,,,,,,,2023-08-13T15:34:53.223750,38.84622359999999,-77.30637329999999,,"Fairfax, VA, USA","Fairfax, VA, USA"
"
Greenmont Craft Cannabis Co
",SCLT0233,Adult-Use,Jericho,65,,VTCCB,Vermont Cannabis Control Board,VT,,,,,,,,,,,,,,2023-08-13T15:34:53.223750,31.8611058,35.4617583,,Jericho,Jericho
"
Decibel Forest LLC
",SCLT0243,Adult-Use,"Plymouth, MA, USA",66,,VTCCB,Vermont Cannabis Control Board,VT,,,,,,,,,,,,,,2023-08-13T15:34:53.223750,41.9584457,-70.6672621,Plymouth County,"Plymouth, MA, USA","Plymouth, MA, USA"
"
Truefella LLC
",SCLT0244,Adult-Use,"1298 Royal Rd, Annville, PA 17003, USA",67,,VTCCB,Vermont Cannabis Control Board,VT,,,,,,,,,,,,,,2023-08-13T15:34:53.223750,40.3158947,-76.50576099999999,Lebanon County,"1298 Royal Rd, Annville, PA 17003, USA","1298 Royal Rd, Annville, PA 17003, USA"
Druid Flowers LLC,"
SCLT0246
",Adult-Use,"St Albans, UK",68,,VTCCB,Vermont Cannabis Control Board,VT,,,,,,,,,,,,,,2023-08-13T15:34:53.223750,51.752725,-0.339436,Hertfordshire,"St Albans, UK","St Albans, UK"
"
Shamus Farms LLC
",SCLT0251,Adult-Use,Calais,69,,VTCCB,Vermont Cannabis Control Board,VT,,,,,,,,,,,,,,2023-08-13T15:34:53.223750,44.366446,-72.4299853,Washington County,East Calais,VT
"
Pine Rock LLC
",SCLT0256,Adult-Use,Brighton,70,,VTCCB,Vermont Cannabis Control Board,VT,,,,,,,,,,,,,,2023-08-13T15:34:53.223750,44.8147712,-71.8803728,Essex County,Island Pond,05846
"
Gnarly Tree Cannabis
",SCLT0257,Adult-Use,"Colchester, UK",71,,VTCCB,Vermont Cannabis Control Board,VT,,,,,,,,,,,,,,2023-08-13T15:34:53.223750,51.895927,0.8918740000000001,Essex,"Colchester, UK","Colchester, UK"
"
Hornbeam Hill Farm LLC
",SCLT0259,Adult-Use,"Plainfield, IL, USA",72,,VTCCB,Vermont Cannabis Control Board,VT,,,,,,,,,,,,,,2023-08-13T15:34:53.223750,41.632223,-88.2120315,Will County,"Plainfield, IL, USA","Plainfield, IL, USA"
"
Bel Solas Farm LLC
",SCLT0261,Adult-Use,VT,73,,VTCCB,Vermont Cannabis Control Board,VT,,,,,,,,,,,,,,2023-08-13T15:34:53.223750,44.8266615,-72.13480969999999,Orleans County,Brownington,USA
J2 Rules LLC,"
SCLT0264
",Adult-Use,"Washington, DC, USA",74,,VTCCB,Vermont Cannabis Control Board,VT,,,,,,,,,,,,,,2023-08-13T15:34:53.223750,38.9071923,-77.0368707,District of Columbia,"Washington, DC, USA","Washington, DC, USA"
"
Green Mountain High Growers
",SCLT0273,Adult-Use,"Pittsford, NY 14534, USA",75,,VTCCB,Vermont Cannabis Control Board,VT,,,,,,,,,,,,,,2023-08-13T15:34:53.223750,43.0906186,-77.5149969,Monroe County,"Pittsford, NY 14534, USA","Pittsford, NY 14534, USA"
"
510 Roots
",SCLT0222,Adult-Use,VT 05201,76,,VTCCB,Vermont Cannabis Control Board,VT,,,,,,,,,,,,,,2023-08-13T15:34:53.223750,42.8781345,-73.1967741,Bennington County,Bennington,USA
"
Jellymumbler LLC
","
SCLT0289
",Adult-Use,,77,,VTCCB,Vermont Cannabis Control Board,VT,,,,,,,,,,,,,,2023-08-13T15:34:53.223750,,,,,
"
Black Mountain Magic LLC.
","
SCLT0290
",Adult-Use,VT 05301,78,,VTCCB,Vermont Cannabis Control Board,VT,,,,,,,,,,,,,,2023-08-13T15:34:53.223750,42.8509152,-72.5578678,Windham County,Brattleboro,USA
"
Bud's Buds LLC
","
SCLT0293
",Adult-Use,"Bridport DT6, UK",79,,VTCCB,Vermont Cannabis Control Board,VT,,,,,,,,,,,,,,2023-08-13T15:34:53.223750,50.7335769,-2.758301,Dorset,"Bridport DT6, UK","Bridport DT6, UK"
"
Happy Harvest Farm L.L.C
","
SCLT0294
",Adult-Use,"Swanton, OH 43558, USA",80,,VTCCB,Vermont Cannabis Control Board,VT,,,,,,,,,,,,,,2023-08-13T15:34:53.223750,41.5886629,-83.89105339999999,Fulton County,"Swanton, OH 43558, USA","Swanton, OH 43558, USA"
"
Rhize Cannabis Company, LLC
","
SCLT0295
",Adult-Use,"Fairfax, VA, USA",81,,VTCCB,Vermont Cannabis Control Board,VT,,,,,,,,,,,,,,2023-08-13T15:34:53.223750,38.84622359999999,-77.30637329999999,,"Fairfax, VA, USA","Fairfax, VA, USA"
,,Adult-Use,,82,,VTCCB,Vermont Cannabis Control Board,VT,,,,,,,,,,,,,,2023-08-13T15:34:53.223750,,,,,
"
Euphoria Cannabis Products LLC
","
CLTV0055
",Adult-Use,VT,83,,VTCCB,Vermont Cannabis Control Board,VT,,,,,,,,,,,,,,2023-08-13T15:34:53.223750,44.5101525,-73.0834648,Chittenden County,Essex,USA
"
Grass Queen, Inc.
","
CLTV0066
",Adult-Use,"Plainfield, IL, USA",84,,VTCCB,Vermont Cannabis Control Board,VT,,,,,,,,,,,,,,2023-08-13T15:34:53.223750,41.632223,-88.2120315,Will County,"Plainfield, IL, USA","Plainfield, IL, USA"
"
Bern Living Organics, LLC; Bern Living Organics
","
CLTV0089
",Adult-Use,VT,85,,VTCCB,Vermont Cannabis Control Board,VT,,,,,,,,,,,,,,2023-08-13T15:34:53.223750,44.2056098,-73.2462341,Addison County,Ferrisburgh,USA
"
NEK Gardens
","
CLTV0095
",Adult-Use,"Danville, CA, USA",86,,VTCCB,Vermont Cannabis Control Board,VT,,,,,,,,,,,,,,2023-08-13T15:34:53.223750,37.8215929,-121.9999606,Contra Costa County,"Danville, CA, USA","Danville, CA, USA"
"
Subterra Cannabis LLC
","
CLTV0093
",Adult-Use,VT 05301,87,,VTCCB,Vermont Cannabis Control Board,VT,,,,,,,,,,,,,,2023-08-13T15:34:53.223750,42.8509152,-72.5578678,Windham County,Brattleboro,USA
"
Rainbows End Cannabis  or Rainbows End Cannabis LLC
","
CLTV0102
",Adult-Use,"Westminster, London SW1, UK",88,,VTCCB,Vermont Cannabis Control Board,VT,,,,,,,,,,,,,,2023-08-13T15:34:53.223750,51.4974948,-0.1356583,Greater London,"Westminster, London SW1, UK","Westminster, London SW1, UK"
"
Giving Tree Cannabis LLC
","
CLTV0104
",Adult-Use,VT,89,,VTCCB,Vermont Cannabis Control Board,VT,,,,,,,,,,,,,,2023-08-13T15:34:53.223750,43.3465552,-73.177286,Rutland County,Pawlet,USA
"
Green Mountain Cannabis North
","
CLTV0083
",Adult-Use,"St Albans, UK",90,,VTCCB,Vermont Cannabis Control Board,VT,,,,,,,,,,,,,,2023-08-13T15:34:53.223750,51.752725,-0.339436,Hertfordshire,"St Albans, UK","St Albans, UK"
"
The Flying Cactus
",CLTV0109,Adult-Use,"Fair Haven, NY 13156, USA",91,,VTCCB,Vermont Cannabis Control Board,VT,,,,,,,,,,,,,,2023-08-13T15:34:53.223750,43.3164558,-76.7021747,Cayuga County,"Fair Haven, NY 13156, USA","Fair Haven, NY 13156, USA"
"
Seven Leaf Genetics
",CLTV0234,Adult-Use,"North Hyde Park, Tampa, FL, USA",92,,VTCCB,Vermont Cannabis Control Board,VT,,,,,,,,,,,,,,2023-08-13T15:34:53.223750,27.9506018,-82.47884189999999,Hillsborough County,"North Hyde Park, Tampa, FL, USA","North Hyde Park, Tampa, FL, USA"
"
Gas Factory LLC, DBA Gas Factory
",CLTV0110,Adult-Use,"Williston, ND 58801, USA",93,,VTCCB,Vermont Cannabis Control Board,VT,,,,,,,,,,,,,,2023-08-13T15:34:53.223750,48.1469683,-103.6179745,Williams County,"Williston, ND 58801, USA","Williston, ND 58801, USA"
"
Tao Labs LTD CO
",CLTV0242,Adult-Use,VT 05301,94,,VTCCB,Vermont Cannabis Control Board,VT,,,,,,,,,,,,,,2023-08-13T15:34:53.223750,42.8509152,-72.5578678,Windham County,Brattleboro,USA
"
Apex Cannabis LLC
",CLTV0246,Adult-Use,"Pittsford, NY 14534, USA",95,,VTCCB,Vermont Cannabis Control Board,VT,,,,,,,,,,,,,,2023-08-13T15:34:53.223750,43.0906186,-77.5149969,Monroe County,"Pittsford, NY 14534, USA","Pittsford, NY 14534, USA"
"
Emerald Visions, LLC
","
CLTV0238
",Adult-Use,VT 05440,96,,VTCCB,Vermont Cannabis Control Board,VT,,,,,,,,,,,,,,2023-08-13T15:34:53.223750,44.9750541,-73.30022389999999,Grand Isle County,Alburgh,USA
,,Adult-Use,,97,,VTCCB,Vermont Cannabis Control Board,VT,,,,,,,,,,,,,,2023-08-13T15:34:53.223750,,,,,
"
Arcadia Cannabis Company LLC
","
CLTV0022
",Adult-Use,"Essex, UK",98,,VTCCB,Vermont Cannabis Control Board,VT,,,,,,,,,,,,,,2023-08-13T15:34:53.223750,51.57424469999999,0.4856781,Essex,"Essex, UK","Essex, UK"
"
Mr. Z Craft Cannabis Inc.
","
CLTV0086
",Adult-Use,VT 05753,99,,VTCCB,Vermont Cannabis Control Board,VT,,,,,,,,,,,,,,2023-08-13T15:34:53.223750,44.0153371,-73.16734,Addison County,Middlebury,USA
"
DEMETERS DG, LLC
","
CLTV0068
",Adult-Use,VT 05301,100,,VTCCB,Vermont Cannabis Control Board,VT,,,,,,,,,,,,,,2023-08-13T15:34:53.223750,42.8509152,-72.5578678,Windham County,Brattleboro,USA
"Pinnacle Valley Farms, LLC","
CLTV0077
",Adult-Use,"Randolph, MA 02368, USA",101,,VTCCB,Vermont Cannabis Control Board,VT,,,,,,,,,,,,,,2023-08-13T15:34:53.223750,42.1619739,-71.042551,Norfolk County,"Randolph, MA 02368, USA","Randolph, MA 02368, USA"
"
ForbinsFinest,LLC
","
CLTV0087
",Adult-Use,,102,,VTCCB,Vermont Cannabis Control Board,VT,,,,,,,,,,,,,,2023-08-13T15:34:53.223750,,,,,
"
The Clean Cannabis Company
","
CLTV0090
",Adult-Use,"Hardwick, MA, USA",103,,VTCCB,Vermont Cannabis Control Board,VT,,,,,,,,,,,,,,2023-08-13T15:34:53.223750,42.3490548,-72.1986558,Worcester County,"Hardwick, MA, USA","Hardwick, MA, USA"
Medi Leaf Farms LLC,CLTV0105,Adult-Use,"Derby, UK",104,,VTCCB,Vermont Cannabis Control Board,VT,,,,,,,,,,,,,,2023-08-13T15:34:53.223750,52.9225301,-1.4746186,Derby,"Derby, UK","Derby, UK"
,,Adult-Use,,105,,VTCCB,Vermont Cannabis Control Board,VT,,,,,,,,,,,,,,2023-08-13T15:34:53.223750,,,,,
"
Satori Investment Partners VT LLC (d/b/a/ (1) Satori VT and (2) Northeast Processing)
","
CLTV0067
",Adult-Use,VT 05753,106,,VTCCB,Vermont Cannabis Control Board,VT,,,,,,,,,,,,,,2023-08-13T15:34:53.223750,44.0153371,-73.16734,Addison County,Middlebury,USA
Great Brook Homestead,"
SCLT0003
",Adult-Use,,107,,VTCCB,Vermont Cannabis Control Board,VT,,,,,,,,,,,,,,2023-08-13T15:34:53.223750,,,,,
"Big Dipper Farm, LLC","
SCLT0048
",Adult-Use,,108,,VTCCB,Vermont Cannabis Control Board,VT,,,,,,,,,,,,,,2023-08-13T15:34:53.223750,,,,,
DBA Off Piste Farm,"
SCLT0031
",Adult-Use,,109,,VTCCB,Vermont Cannabis Control Board,VT,,,,,,,,,,,,,,2023-08-13T15:34:53.223750,,,,,
DBA Kodiac's Treasure,"
SCLT0026
",Adult-Use,,110,,VTCCB,Vermont Cannabis Control Board,VT,,,,,,,,,,,,,,2023-08-13T15:34:53.223750,,,,,
"Hella Gud, LLC","
SCLT0024
",Adult-Use,,111,,VTCCB,Vermont Cannabis Control Board,VT,,,,,,,,,,,,,,2023-08-13T15:34:53.223750,,,,,
Victory Gardens,"
SCLT0033
",Adult-Use,,112,,VTCCB,Vermont Cannabis Control Board,VT,,,,,,,,,,,,,,2023-08-13T15:34:53.223750,,,,,
DBA Edward's,"
SCLT0012
",Adult-Use,,113,,VTCCB,Vermont Cannabis Control Board,VT,,,,,,,,,,,,,,2023-08-13T15:34:53.223750,,,,,
Green Mountain Integrity,"
SCLT0079
",Adult-Use,,114,,VTCCB,Vermont Cannabis Control Board,VT,,,,,,,,,,,,,,2023-08-13T15:34:53.223750,,,,,
Ripple Communications,"
SCLT0039
",Adult-Use,,115,,VTCCB,Vermont Cannabis Control Board,VT,,,,,,,,,,,,,,2023-08-13T15:34:53.223750,,,,,
"Crystal Mountain, LLC","
SCLT0034
",Adult-Use,,116,,VTCCB,Vermont Cannabis Control Board,VT,,,,,,,,,,,,,,2023-08-13T15:34:53.223750,,,,,
High Horse WeedWerks LLC,"
SCLT0090
",Adult-Use,,117,,VTCCB,Vermont Cannabis Control Board,VT,,,,,,,,,,,,,,2023-08-13T15:34:53.223750,,,,,
Snug Farm,"
SCLT0132
",Adult-Use,,118,,VTCCB,Vermont Cannabis Control Board,VT,,,,,,,,,,,,,,2023-08-13T15:34:53.223750,,,,,
Split Acres Sungrown LLC,"
SCLT0084
",Adult-Use,,119,,VTCCB,Vermont Cannabis Control Board,VT,,,,,,,,,,,,,,2023-08-13T15:34:53.223750,,,,,
Lost Lake Cannabis LLC,"
SCLT0021
",Adult-Use,,120,,VTCCB,Vermont Cannabis Control Board,VT,,,,,,,,,,,,,,2023-08-13T15:34:53.223750,,,,,
Moon Waters Farm of Vermont LLC,"
SCLT0035
",Adult-Use,,121,,VTCCB,Vermont Cannabis Control Board,VT,,,,,,,,,,,,,,2023-08-13T15:34:53.223750,,,,,
Peregrine Farm LLC,"
SCLT0060
",Adult-Use,,122,,VTCCB,Vermont Cannabis Control Board,VT,,,,,,,,,,,,,,2023-08-13T15:34:53.223750,,,,,
"Bizzee Beez Organics, LLC","
SCLT0045
",Adult-Use,,123,,VTCCB,Vermont Cannabis Control Board,VT,,,,,,,,,,,,,,2023-08-13T15:34:53.223750,,,,,
"Kanna, LLC","
SCLT0133
",Adult-Use,,124,,VTCCB,Vermont Cannabis Control Board,VT,,,,,,,,,,,,,,2023-08-13T15:34:53.223750,,,,,
Banting Farm Buds LLC,"
SCLT0041
",Adult-Use,,125,,VTCCB,Vermont Cannabis Control Board,VT,,,,,,,,,,,,,,2023-08-13T15:34:53.223750,,,,,
"Roaring Branch Farm, LLC","
SCLT0027
",Adult-Use,,126,,VTCCB,Vermont Cannabis Control Board,VT,,,,,,,,,,,,,,2023-08-13T15:34:53.223750,,,,,
"High Mountain Homegrown, LLC","
SCLT0037
",Adult-Use,,127,,VTCCB,Vermont Cannabis Control Board,VT,,,,,,,,,,,,,,2023-08-13T15:34:53.223750,,,,,
"Birch Haven Farm, LLC","
SCLT0070
",Adult-Use,,128,,VTCCB,Vermont Cannabis Control Board,VT,,,,,,,,,,,,,,2023-08-13T15:34:53.223750,,,,,
"Purple Lark Farm, LLC (legal name) and Motherflower (brand name)","
SCLT0030
",Adult-Use,,129,,VTCCB,Vermont Cannabis Control Board,VT,,,,,,,,,,,,,,2023-08-13T15:34:53.223750,,,,,
"Rising Sun Sensi, LLC","
SCLT0069
",Adult-Use,,130,,VTCCB,Vermont Cannabis Control Board,VT,,,,,,,,,,,,,,2023-08-13T15:34:53.223750,,,,,
"7enith Farm, LLC","
SCLT0042
",Adult-Use,,131,,VTCCB,Vermont Cannabis Control Board,VT,,,,,,,,,,,,,,2023-08-13T15:34:53.223750,,,,,
"OK Organix, LLC","
SCLT0057
",Adult-Use,,132,,VTCCB,Vermont Cannabis Control Board,VT,,,,,,,,,,,,,,2023-08-13T15:34:53.223750,,,,,
"Cloudy Day Farm, LLC","
SCLT0075
",Adult-Use,,133,,VTCCB,Vermont Cannabis Control Board,VT,,,,,,,,,,,,,,2023-08-13T15:34:53.223750,,,,,
"Lovely Cannabis, LLC","
SCLT0065
",Adult-Use,,134,,VTCCB,Vermont Cannabis Control Board,VT,,,,,,,,,,,,,,2023-08-13T15:34:53.223750,,,,,
Cleary Farm Cannabis LLC,"
SCLT0058
",Adult-Use,,135,,VTCCB,Vermont Cannabis Control Board,VT,,,,,,,,,,,,,,2023-08-13T15:34:53.223750,,,,,
Life Arises Farm LLC,"
SCLT0076
",Adult-Use,,136,,VTCCB,Vermont Cannabis Control Board,VT,,,,,,,,,,,,,,2023-08-13T15:34:53.223750,,,,,
Bud Bird Farm,"
SCLT0046
",Adult-Use,,137,,VTCCB,Vermont Cannabis Control Board,VT,,,,,,,,,,,,,,2023-08-13T15:34:53.223750,,,,,
Highly Rooted,"
SCLT0100
",Adult-Use,,138,,VTCCB,Vermont Cannabis Control Board,VT,,,,,,,,,,,,,,2023-08-13T15:34:53.223750,,,,,
Brookfield Buds LLC,"
SCLT0043
",Adult-Use,,139,,VTCCB,Vermont Cannabis Control Board,VT,,,,,,,,,,,,,,2023-08-13T15:34:53.223750,,,,,
TrichomeVT,"
SCLT0055
",Adult-Use,,140,,VTCCB,Vermont Cannabis Control Board,VT,,,,,,,,,,,,,,2023-08-13T15:34:53.223750,,,,,
Vermont LTC Grow,"
SCLT0129
",Adult-Use,,141,,VTCCB,Vermont Cannabis Control Board,VT,,,,,,,,,,,,,,2023-08-13T15:34:53.223750,,,,,
Peanut's Garden LLC,"
SCLT0091
",Adult-Use,,142,,VTCCB,Vermont Cannabis Control Board,VT,,,,,,,,,,,,,,2023-08-13T15:34:53.223750,,,,,
Encore Herbals LLC,"
SCLT0059
",Adult-Use,,143,,VTCCB,Vermont Cannabis Control Board,VT,,,,,,,,,,,,,,2023-08-13T15:34:53.223750,,,,,
El Pasic Farm,"
SCLT0052
",Adult-Use,,144,,VTCCB,Vermont Cannabis Control Board,VT,,,,,,,,,,,,,,2023-08-13T15:34:53.223750,,,,,
"Backwoods Cultivation, Backwoods Farm","
SCLT0053
",Adult-Use,,145,,VTCCB,Vermont Cannabis Control Board,VT,,,,,,,,,,,,,,2023-08-13T15:34:53.223750,,,,,
"Sun Road Farms LLC, Sun Road Farms","
SCLT0094
",Adult-Use,,146,,VTCCB,Vermont Cannabis Control Board,VT,,,,,,,,,,,,,,2023-08-13T15:34:53.223750,,,,,
High Noon Cultivators LLC,"
SCLT0082
",Adult-Use,,147,,VTCCB,Vermont Cannabis Control Board,VT,,,,,,,,,,,,,,2023-08-13T15:34:53.223750,,,,,
Montwood Hollow LLC,"
SCLT0066
",Adult-Use,,148,,VTCCB,Vermont Cannabis Control Board,VT,,,,,,,,,,,,,,2023-08-13T15:34:53.223750,,,,,
Last Minute Farm LLC,"
SCLT0047
",Adult-Use,,149,,VTCCB,Vermont Cannabis Control Board,VT,,,,,,,,,,,,,,2023-08-13T15:34:53.223750,,,,,
Big Budz LLC,"
SCLT0040
",Adult-Use,,150,,VTCCB,Vermont Cannabis Control Board,VT,,,,,,,,,,,,,,2023-08-13T15:34:53.223750,,,,,
Cannamentals,"
SCLT0178
",Adult-Use,,151,,VTCCB,Vermont Cannabis Control Board,VT,,,,,,,,,,,,,,2023-08-13T15:34:53.223750,,,,,
Teatime Herbal Company LLC,"
SCLT0095
",Adult-Use,,152,,VTCCB,Vermont Cannabis Control Board,VT,,,,,,,,,,,,,,2023-08-13T15:34:53.223750,,,,,
Green of Green Farms LLC,"
SCLT0092
",Adult-Use,,153,,VTCCB,Vermont Cannabis Control Board,VT,,,,,,,,,,,,,,2023-08-13T15:34:53.223750,,,,,
45 North Nurseries,"
SCLT0114
",Adult-Use,,154,,VTCCB,Vermont Cannabis Control Board,VT,,,,,,,,,,,,,,2023-08-13T15:34:53.223750,,,,,
Hidden Leaf Homestead,"
SCLT0083
",Adult-Use,,155,,VTCCB,Vermont Cannabis Control Board,VT,,,,,,,,,,,,,,2023-08-13T15:34:53.223750,,,,,
Kendawg's Kingdom Cannabis,"
SCLT0157
",Adult-Use,,156,,VTCCB,Vermont Cannabis Control Board,VT,,,,,,,,,,,,,,2023-08-13T15:34:53.223750,,,,,
One Love Cannabis Collective LLC,"
SCLT0101
",Adult-Use,,157,,VTCCB,Vermont Cannabis Control Board,VT,,,,,,,,,,,,,,2023-08-13T15:34:53.223750,,,,,
Meadow Creek Farm LLC,"
SCLT0074
",Adult-Use,,158,,VTCCB,Vermont Cannabis Control Board,VT,,,,,,,,,,,,,,2023-08-13T15:34:53.223750,,,,,
Three Barn Farm Cannabis,"
SCLT0159
",Adult-Use,,159,,VTCCB,Vermont Cannabis Control Board,VT,,,,,,,,,,,,,,2023-08-13T15:34:53.223750,,,,,
Goat Ridge Cannabis LLC,"
SCLT0081
",Adult-Use,,160,,VTCCB,Vermont Cannabis Control Board,VT,,,,,,,,,,,,,,2023-08-13T15:34:53.223750,,,,,
Burning Bush Farm,"
SCLT0177
",Adult-Use,,161,,VTCCB,Vermont Cannabis Control Board,VT,,,,,,,,,,,,,,2023-08-13T15:34:53.223750,,,,,
Fox and Hen Farms,"
SCLT0099
",Adult-Use,,162,,VTCCB,Vermont Cannabis Control Board,VT,,,,,,,,,,,,,,2023-08-13T15:34:53.223750,,,,,
Moonlit Gardens,"
SCLT0164
",Adult-Use,,163,,VTCCB,Vermont Cannabis Control Board,VT,,,,,,,,,,,,,,2023-08-13T15:34:53.223750,,,,,
Vermont Green Buds LLC,"
SCLT0115
",Adult-Use,,164,,VTCCB,Vermont Cannabis Control Board,VT,,,,,,,,,,,,,,2023-08-13T15:34:53.223750,,,,,
Green Mountain Gold Farm,"
SCLT0067
",Adult-Use,,165,,VTCCB,Vermont Cannabis Control Board,VT,,,,,,,,,,,,,,2023-08-13T15:34:53.223750,,,,,
Lovespun Farmstead LLC,"
SCLT0150
",Adult-Use,,166,,VTCCB,Vermont Cannabis Control Board,VT,,,,,,,,,,,,,,2023-08-13T15:34:53.223750,,,,,
Brigham Hill Cultivation LLC,"
SCLT0117
",Adult-Use,,167,,VTCCB,Vermont Cannabis Control Board,VT,,,,,,,,,,,,,,2023-08-13T15:34:53.223750,,,,,
Cannabot Farms,"
SCLT0125
",Adult-Use,,168,,VTCCB,Vermont Cannabis Control Board,VT,,,,,,,,,,,,,,2023-08-13T15:34:53.223750,,,,,
Far Away Farm LLC,"
SCLT0140
",Adult-Use,,169,,VTCCB,Vermont Cannabis Control Board,VT,,,,,,,,,,,,,,2023-08-13T15:34:53.223750,,,,,
Double Black Grow Company,"
SCLT0122
",Adult-Use,,170,,VTCCB,Vermont Cannabis Control Board,VT,,,,,,,,,,,,,,2023-08-13T15:34:53.223750,,,,,
American Beauty,"
SCLT0154
",Adult-Use,,171,,VTCCB,Vermont Cannabis Control Board,VT,,,,,,,,,,,,,,2023-08-13T15:34:53.223750,,,,,
Horseshoe Farms LLC,"
SCLT0139
",Adult-Use,,172,,VTCCB,Vermont Cannabis Control Board,VT,,,,,,,,,,,,,,2023-08-13T15:34:53.223750,,,,,
Casa Guarne Farms LLC,"
SCLT0206
",Adult-Use,,173,,VTCCB,Vermont Cannabis Control Board,VT,,,,,,,,,,,,,,2023-08-13T15:34:53.223750,,,,,
Vermont New Heirloom Genetics LLC,"
SCLT0144
",Adult-Use,,174,,VTCCB,Vermont Cannabis Control Board,VT,,,,,,,,,,,,,,2023-08-13T15:34:53.223750,,,,,
"Tilia Hills, Tilia Hills Farm, Tilia Hills LLC","
SCLT0167
",Adult-Use,,175,,VTCCB,Vermont Cannabis Control Board,VT,,,,,,,,,,,,,,2023-08-13T15:34:53.223750,,,,,
"Red Clover Canopies, Inc.","
SCLT0123
",Adult-Use,,176,,VTCCB,Vermont Cannabis Control Board,VT,,,,,,,,,,,,,,2023-08-13T15:34:53.223750,,,,,
Cremation Solutions LLC DBA Vermont Pot,"
SCLT0148
",Adult-Use,,177,,VTCCB,Vermont Cannabis Control Board,VT,,,,,,,,,,,,,,2023-08-13T15:34:53.223750,,,,,
"OnlyinVT LLC, OnlyinVT, Only in VT","
SCLT0165
",Adult-Use,,178,,VTCCB,Vermont Cannabis Control Board,VT,,,,,,,,,,,,,,2023-08-13T15:34:53.223750,,,,,
Taconic Chronic LLC,"
SCLT0190
",Adult-Use,,179,,VTCCB,Vermont Cannabis Control Board,VT,,,,,,,,,,,,,,2023-08-13T15:34:53.223750,,,,,
Mountain Grown Hemp LLC,"
SCLT0179
",Adult-Use,,180,,VTCCB,Vermont Cannabis Control Board,VT,,,,,,,,,,,,,,2023-08-13T15:34:53.223750,,,,,
Blue Anchor Enterprise,"
SCLT0197
",Adult-Use,,181,,VTCCB,Vermont Cannabis Control Board,VT,,,,,,,,,,,,,,2023-08-13T15:34:53.223750,,,,,
"River Valley Group, Inc Product Brand: Paradise Farms","
SCLT0215
",Adult-Use,,182,,VTCCB,Vermont Cannabis Control Board,VT,,,,,,,,,,,,,,2023-08-13T15:34:53.223750,,,,,
Hero Cannabis LLC,"
SCLT0221
",Adult-Use,,183,,VTCCB,Vermont Cannabis Control Board,VT,,,,,,,,,,,,,,2023-08-13T15:34:53.223750,,,,,
Fine Bud Farms,SCLT0226,Adult-Use,,184,,VTCCB,Vermont Cannabis Control Board,VT,,,,,,,,,,,,,,2023-08-13T15:34:53.223750,,,,,
"
Midsomer Green LLC
",SCLT0238,Adult-Use,,185,,VTCCB,Vermont Cannabis Control Board,VT,,,,,,,,,,,,,,2023-08-13T15:34:53.223750,,,,,
"
Central Piedmont Cannabis Co. Ltd.
",SCLT0228,Adult-Use,,186,,VTCCB,Vermont Cannabis Control Board,VT,,,,,,,,,,,,,,2023-08-13T15:34:53.223750,,,,,
"
Green Mountain Sativa, LLC
",SCLT0234,Adult-Use,,187,,VTCCB,Vermont Cannabis Control Board,VT,,,,,,,,,,,,,,2023-08-13T15:34:53.223750,,,,,
"
Norsemen CBD LLC
",SCLT0232,Adult-Use,,188,,VTCCB,Vermont Cannabis Control Board,VT,,,,,,,,,,,,,,2023-08-13T15:34:53.223750,,,,,
"
Earthbound Genetics LLC
",SCLT0240,Adult-Use,,189,,VTCCB,Vermont Cannabis Control Board,VT,,,,,,,,,,,,,,2023-08-13T15:34:53.223750,,,,,
"
Paradise Shire
",SCLT0248,Adult-Use,,190,,VTCCB,Vermont Cannabis Control Board,VT,,,,,,,,,,,,,,2023-08-13T15:34:53.223750,,,,,
"
Windy Hill Farm
",SCLT0247,Adult-Use,,191,,VTCCB,Vermont Cannabis Control Board,VT,,,,,,,,,,,,,,2023-08-13T15:34:53.223750,,,,,
"
Return To Our Roots Farm
",SCLT0254,Adult-Use,,192,,VTCCB,Vermont Cannabis Control Board,VT,,,,,,,,,,,,,,2023-08-13T15:34:53.223750,,,,,
"
Green Flash LLC
",SCLT0253,Adult-Use,,193,,VTCCB,Vermont Cannabis Control Board,VT,,,,,,,,,,,,,,2023-08-13T15:34:53.223750,,,,,
"
Starksboro Sativa & Seed Company
",SCLT0252,Adult-Use,,194,,VTCCB,Vermont Cannabis Control Board,VT,,,,,,,,,,,,,,2023-08-13T15:34:53.223750,,,,,
"
Coach Grown Farms LLC
",SCLT0249,Adult-Use,,195,,VTCCB,Vermont Cannabis Control Board,VT,,,,,,,,,,,,,,2023-08-13T15:34:53.223750,,,,,
"
420 Craft Cannabis
",SCLT0255,Adult-Use,,196,,VTCCB,Vermont Cannabis Control Board,VT,,,,,,,,,,,,,,2023-08-13T15:34:53.223750,,,,,
"
Sweet Leaf Farm LLC
",SCLT0258,Adult-Use,,197,,VTCCB,Vermont Cannabis Control Board,VT,,,,,,,,,,,,,,2023-08-13T15:34:53.223750,,,,,
Cabbage Collective,SCLT0260,Adult-Use,,198,,VTCCB,Vermont Cannabis Control Board,VT,,,,,,,,,,,,,,2023-08-13T15:34:53.223750,,,,,
"
Pine Blue LLC
",SCLT0263,Adult-Use,,199,,VTCCB,Vermont Cannabis Control Board,VT,,,,,,,,,,,,,,2023-08-13T15:34:53.223750,,,,,
"
Green Acres Vermont Cannabis
",SCLT0265,Adult-Use,,200,,VTCCB,Vermont Cannabis Control Board,VT,,,,,,,,,,,,,,2023-08-13T15:34:53.223750,,,,,
"
Sungrows LLC
",SCLT0266,Adult-Use,,201,,VTCCB,Vermont Cannabis Control Board,VT,,,,,,,,,,,,,,2023-08-13T15:34:53.223750,,,,,
"
Northern Slopes LLC DBA Samsara Farms
",SCLT0270,Adult-Use,,202,,VTCCB,Vermont Cannabis Control Board,VT,,,,,,,,,,,,,,2023-08-13T15:34:53.223750,,,,,
"
Pine Crest Healing LLC
",SCLT0268,Adult-Use,,203,,VTCCB,Vermont Cannabis Control Board,VT,,,,,,,,,,,,,,2023-08-13T15:34:53.223750,,,,,
"
GPC LLC
",SCLT0274,Adult-Use,,204,,VTCCB,Vermont Cannabis Control Board,VT,,,,,,,,,,,,,,2023-08-13T15:34:53.223750,,,,,
"
Legacy 14 LLC
",SCLT0276,Adult-Use,,205,,VTCCB,Vermont Cannabis Control Board,VT,,,,,,,,,,,,,,2023-08-13T15:34:53.223750,,,,,
"
Uprising LLC
","
SCLT0282
",Adult-Use,,206,,VTCCB,Vermont Cannabis Control Board,VT,,,,,,,,,,,,,,2023-08-13T15:34:53.223750,,,,,
"
Mountain Man Weed Co., LLC.
","
SCLT0296
",Adult-Use,,207,,VTCCB,Vermont Cannabis Control Board,VT,,,,,,,,,,,,,,2023-08-13T15:34:53.223750,,,,,
"
Prospect Farm
","
SCLT0287
",Adult-Use,,208,,VTCCB,Vermont Cannabis Control Board,VT,,,,,,,,,,,,,,2023-08-13T15:34:53.223750,,,,,
"
Octogenarian Enterprises LLC d/b/a/ Addison Pure
","
SCLT0279
",Adult-Use,,209,,VTCCB,Vermont Cannabis Control Board,VT,,,,,,,,,,,,,,2023-08-13T15:34:53.223750,,,,,
"
Guy's Greens, LLC
","
SCLT0280
",Adult-Use,,210,,VTCCB,Vermont Cannabis Control Board,VT,,,,,,,,,,,,,,2023-08-13T15:34:53.223750,,,,,
"
Cloud Watch LLC
","
SCLT0278
",Adult-Use,,211,,VTCCB,Vermont Cannabis Control Board,VT,,,,,,,,,,,,,,2023-08-13T15:34:53.223750,,,,,
"
Little River Farms
","
CLTV0257
",Adult-Use,,212,,VTCCB,Vermont Cannabis Control Board,VT,,,,,,,,,,,,,,2023-08-13T15:34:53.223750,,,,,
"
River Ridge Cannabis LLC
","
CLTV0256
",Adult-Use,,213,,VTCCB,Vermont Cannabis Control Board,VT,,,,,,,,,,,,,,2023-08-13T15:34:53.223750,,,,,
"
Pilin’ It Higher Farms LLC
","
CLTV0252
",Adult-Use,,214,,VTCCB,Vermont Cannabis Control Board,VT,,,,,,,,,,,,,,2023-08-13T15:34:53.223750,,,,,
"
Treetop Alliance
","
CLTV0249
",Adult-Use,,215,,VTCCB,Vermont Cannabis Control Board,VT,,,,,,,,,,,,,,2023-08-13T15:34:53.223750,,,,,
"
Urban Herbn, LLC d.b.a. The House Of Doja
","
CLTV0254
",Adult-Use,,216,,VTCCB,Vermont Cannabis Control Board,VT,,,,,,,,,,,,,,2023-08-13T15:34:53.223750,,,,,
"
Bageecha LLC
","
SCLT0322
",Adult-Use,,217,,VTCCB,Vermont Cannabis Control Board,VT,,,,,,,,,,,,,,2023-08-13T15:34:53.223750,,,,,
"
DERIKAVE LLC, Maximum Budz
","
SCLT0321
",Adult-Use,,218,,VTCCB,Vermont Cannabis Control Board,VT,,,,,,,,,,,,,,2023-08-13T15:34:53.223750,,,,,
"
Friendly Farmers
","
SCLT0315
",Adult-Use,,219,,VTCCB,Vermont Cannabis Control Board,VT,,,,,,,,,,,,,,2023-08-13T15:34:53.223750,,,,,
"
Funk’s Farmin’ LLC
","
SCLT0317
",Adult-Use,,220,,VTCCB,Vermont Cannabis Control Board,VT,,,,,,,,,,,,,,2023-08-13T15:34:53.223750,,,,,
"
Cosmic Crystals LLC
","
SCLT0318
",Adult-Use,,221,,VTCCB,Vermont Cannabis Control Board,VT,,,,,,,,,,,,,,2023-08-13T15:34:53.223750,,,,,
"
Vermont Greenery LLC
","
SCLT0319
",Adult-Use,,222,,VTCCB,Vermont Cannabis Control Board,VT,,,,,,,,,,,,,,2023-08-13T15:34:53.223750,,,,,
"
Elderberry Hill Farm LLC
","
SCLT0306
",Adult-Use,,223,,VTCCB,Vermont Cannabis Control Board,VT,,,,,,,,,,,,,,2023-08-13T15:34:53.223750,,,,,
"
Fraser Farm Co LLC
","
SCLT0301
",Adult-Use,,224,,VTCCB,Vermont Cannabis Control Board,VT,,,,,,,,,,,,,,2023-08-13T15:34:53.223750,,,,,
"
Santiago & Dunbar LLC
","
SCLT0303
",Adult-Use,,225,,VTCCB,Vermont Cannabis Control Board,VT,,,,,,,,,,,,,,2023-08-13T15:34:53.223750,,,,,
"
Warm Green LLC
","
SCLT0299
",Adult-Use,,226,,VTCCB,Vermont Cannabis Control Board,VT,,,,,,,,,,,,,,2023-08-13T15:34:53.223750,,,,,
"
Grow7West, LLC
","
SCLT0298
",Adult-Use,,227,,VTCCB,Vermont Cannabis Control Board,VT,,,,,,,,,,,,,,2023-08-13T15:34:53.223750,,,,,
,,Adult-Use,,228,,VTCCB,Vermont Cannabis Control Board,VT,,,,,,,,,,,,,,2023-08-13T15:34:53.223750,,,,,
"
Fern's Farm
","
CLTV0052
",Adult-Use,,229,,VTCCB,Vermont Cannabis Control Board,VT,,,,,,,,,,,,,,2023-08-13T15:34:53.223750,,,,,
"
Sweet Lou's Farm LLC
","
CLTV0054
",Adult-Use,,230,,VTCCB,Vermont Cannabis Control Board,VT,,,,,,,,,,,,,,2023-08-13T15:34:53.223750,,,,,
"
The Cannabis Collective, LLC; The Cannabis Collective
","
CLTV0056
",Adult-Use,,231,,VTCCB,Vermont Cannabis Control Board,VT,,,,,,,,,,,,,,2023-08-13T15:34:53.223750,,,,,
"
Frank Farm LLC
","
CLTV0060
",Adult-Use,,232,,VTCCB,Vermont Cannabis Control Board,VT,,,,,,,,,,,,,,2023-08-13T15:34:53.223750,,,,,
"
Simpson Brook Farm LLC
","
CLTV0063
",Adult-Use,,233,,VTCCB,Vermont Cannabis Control Board,VT,,,,,,,,,,,,,,2023-08-13T15:34:53.223750,,,,,
"
Old School Weed Company
","
CLTV0074
",Adult-Use,,234,,VTCCB,Vermont Cannabis Control Board,VT,,,,,,,,,,,,,,2023-08-13T15:34:53.223750,,,,,
"
Wiseacre LLC
","
CLTV0075
",Adult-Use,,235,,VTCCB,Vermont Cannabis Control Board,VT,,,,,,,,,,,,,,2023-08-13T15:34:53.223750,,,,,
"
First Light Flowers
","
CLTV0078
",Adult-Use,,236,,VTCCB,Vermont Cannabis Control Board,VT,,,,,,,,,,,,,,2023-08-13T15:34:53.223750,,,,,
"
Arden’s Gardens
","
CLTV0084
",Adult-Use,,237,,VTCCB,Vermont Cannabis Control Board,VT,,,,,,,,,,,,,,2023-08-13T15:34:53.223750,,,,,
"
Green Mountain Cannabis Cultivators LLC
","
CLTV0085
",Adult-Use,,238,,VTCCB,Vermont Cannabis Control Board,VT,,,,,,,,,,,,,,2023-08-13T15:34:53.223750,,,,,
"
Laughing Woods Farm
","
CLTV0096
",Adult-Use,,239,,VTCCB,Vermont Cannabis Control Board,VT,,,,,,,,,,,,,,2023-08-13T15:34:53.223750,,,,,
"
Birdseye Botanicals
","
CLTV0103
",Adult-Use,,240,,VTCCB,Vermont Cannabis Control Board,VT,,,,,,,,,,,,,,2023-08-13T15:34:53.223750,,,,,
"
Bordertown Apothecary
","
CLTV0097
",Adult-Use,,241,,VTCCB,Vermont Cannabis Control Board,VT,,,,,,,,,,,,,,2023-08-13T15:34:53.223750,,,,,
Vermontijuana,"
CLTV0106
",Adult-Use,,242,,VTCCB,Vermont Cannabis Control Board,VT,,,,,,,,,,,,,,2023-08-13T15:34:53.223750,,,,,
"
Ridgetop Farm, LLC
","
CLTV0292
",Adult-Use,,243,,VTCCB,Vermont Cannabis Control Board,VT,,,,,,,,,,,,,,2023-08-13T15:34:53.223750,,,,,
"
Roots Madder
","
CLTV0290
",Adult-Use,,244,,VTCCB,Vermont Cannabis Control Board,VT,,,,,,,,,,,,,,2023-08-13T15:34:53.223750,,,,,
"
Meadow Lark Farm
","
CLTV0262
",Adult-Use,,245,,VTCCB,Vermont Cannabis Control Board,VT,,,,,,,,,,,,,,2023-08-13T15:34:53.223750,,,,,
"
MG Enterprises, LLC
","
CLTV0264
",Adult-Use,,246,,VTCCB,Vermont Cannabis Control Board,VT,,,,,,,,,,,,,,2023-08-13T15:34:53.223750,,,,,
"
Superkind Farms LLC
","
CLTV0239
",Adult-Use,,247,,VTCCB,Vermont Cannabis Control Board,VT,,,,,,,,,,,,,,2023-08-13T15:34:53.223750,,,,,
"
Bud Butter
","
CLTV0260
",Adult-Use,,248,,VTCCB,Vermont Cannabis Control Board,VT,,,,,,,,,,,,,,2023-08-13T15:34:53.223750,,,,,
"
Next Level Mountain Gardens, LLC
","
CLTV0259
",Adult-Use,,249,,VTCCB,Vermont Cannabis Control Board,VT,,,,,,,,,,,,,,2023-08-13T15:34:53.223750,,,,,
"
Birdland LLC, Birdland
","
CLTV0235
",Adult-Use,,250,,VTCCB,Vermont Cannabis Control Board,VT,,,,,,,,,,,,,,2023-08-13T15:34:53.223750,,,,,
,,Adult-Use,,251,,VTCCB,Vermont Cannabis Control Board,VT,,,,,,,,,,,,,,2023-08-13T15:34:53.223750,,,,,
Maple Buckets LLC,"
CLTV0059
",Adult-Use,,252,,VTCCB,Vermont Cannabis Control Board,VT,,,,,,,,,,,,,,2023-08-13T15:34:53.223750,,,,,
Boreas Ventures LLC,"
CLTV0064
",Adult-Use,,253,,VTCCB,Vermont Cannabis Control Board,VT,,,,,,,,,,,,,,2023-08-13T15:34:53.223750,,,,,
"
Quintessential Botanicals LLC
","
CLTV0098
",Adult-Use,,254,,VTCCB,Vermont Cannabis Control Board,VT,,,,,,,,,,,,,,2023-08-13T15:34:53.223750,,,,,
"
Great Hill Growers LLC
",CLTV0233,Adult-Use,,255,,VTCCB,Vermont Cannabis Control Board,VT,,,,,,,,,,,,,,2023-08-13T15:34:53.223750,,,,,
Smoke Em If You Got Em LLC DBA SMUGE DBA Rolling J's Farm,"
CLTV0243
",Adult-Use,,256,,VTCCB,Vermont Cannabis Control Board,VT,,,,,,,,,,,,,,2023-08-13T15:34:53.223750,,,,,
"
Cola Crafting Farms LLC
",CLTV0248,Adult-Use,,257,,VTCCB,Vermont Cannabis Control Board,VT,,,,,,,,,,,,,,2023-08-13T15:34:53.223750,,,,,
"
Old Growth Organics LLC
","
CLTV0058
",Adult-Use,,258,,VTCCB,Vermont Cannabis Control Board,VT,,,,,,,,,,,,,,2023-08-13T15:34:53.223750,,,,,
"
Full Circle Farm LLC
","
CLTV0250
",Adult-Use,,259,,VTCCB,Vermont Cannabis Control Board,VT,,,,,,,,,,,,,,2023-08-13T15:34:53.223750,,,,,
"
Shindig & G's Craft Cannabis LLC
","
CLTV0261
",Adult-Use,,260,,VTCCB,Vermont Cannabis Control Board,VT,,,,,,,,,,,,,,2023-08-13T15:34:53.223750,,,,,
,,Adult-Use,,261,,VTCCB,Vermont Cannabis Control Board,VT,,,,,,,,,,,,,,2023-08-13T15:34:53.223750,,,,,
"
Jeezum Crow Bud Company LLC
","
CLTV0070
",Adult-Use,,262,,VTCCB,Vermont Cannabis Control Board,VT,,,,,,,,,,,,,,2023-08-13T15:34:53.223750,,,,,
"
Lucky Leaf LLC
","
CLTV0071
",Adult-Use,,263,,VTCCB,Vermont Cannabis Control Board,VT,,,,,,,,,,,,,,2023-08-13T15:34:53.223750,,,,,
"
Sweet Rhapsody LLC DBA Skunk Hollow Cannabis
","
CLTV0072
",Adult-Use,,264,,VTCCB,Vermont Cannabis Control Board,VT,,,,,,,,,,,,,,2023-08-13T15:34:53.223750,,,,,
"
Ritual Cannabis LLC
","
CLTV0263
",Adult-Use,,265,,VTCCB,Vermont Cannabis Control Board,VT,,,,,,,,,,,,,,2023-08-13T15:34:53.223750,,,,,
,,Adult-Use,,266,,VTCCB,Vermont Cannabis Control Board,VT,,,,,,,,,,,,,,2023-08-13T15:34:53.223750,,,,,
"
Green Mountain Ganja Guys LLC
","
CLTV0032
",Adult-Use,,267,,VTCCB,Vermont Cannabis Control Board,VT,,,,,,,,,,,,,,2023-08-13T15:34:53.223750,,,,,
"
Flower First, LLC
","
CLTV0061
",Adult-Use,,268,,VTCCB,Vermont Cannabis Control Board,VT,,,,,,,,,,,,,,2023-08-13T15:34:53.223750,,,,,
Mend Botanical,"
CLTV0065
",Adult-Use,,269,,VTCCB,Vermont Cannabis Control Board,VT,,,,,,,,,,,,,,2023-08-13T15:34:53.223750,,,,,
"
West Coast Development Company
",CLTV0245,Adult-Use,,270,,VTCCB,Vermont Cannabis Control Board,VT,,,,,,,,,,,,,,2023-08-13T15:34:53.223750,,,,,
"
Sunset Lake Cannabis LLC
",CLTV0247,Adult-Use,,271,,VTCCB,Vermont Cannabis Control Board,VT,,,,,,,,,,,,,,2023-08-13T15:34:53.223750,,,,,
Green Mountain Kana,"
SCLT0008
",Adult-Use,,272,,VTCCB,Vermont Cannabis Control Board,VT,,,,,,,,,,,,,,2023-08-13T15:34:53.223750,,,,,
Snowbird Botanicals LLC,"
SCLT0064
",Adult-Use,,273,,VTCCB,Vermont Cannabis Control Board,VT,,,,,,,,,,,,,,2023-08-13T15:34:53.223750,,,,,
"DP Holdings LLC, Garcia Grows","
SCLT0010
",Adult-Use,,274,,VTCCB,Vermont Cannabis Control Board,VT,,,,,,,,,,,,,,2023-08-13T15:34:53.223750,,,,,
DBA Geebee's Organics,"
SCLT0019
",Adult-Use,,275,,VTCCB,Vermont Cannabis Control Board,VT,,,,,,,,,,,,,,2023-08-13T15:34:53.223750,,,,,
LB Farm LLC,"
SCLT0025
",Adult-Use,,276,,VTCCB,Vermont Cannabis Control Board,VT,,,,,,,,,,,,,,2023-08-13T15:34:53.223750,,,,,
Happy Valley Products,"
SCLT0147
",Adult-Use,,277,,VTCCB,Vermont Cannabis Control Board,VT,,,,,,,,,,,,,,2023-08-13T15:34:53.223750,,,,,
Fort Dowd Growers Collective LLC,"
SCLT0071
",Adult-Use,,278,,VTCCB,Vermont Cannabis Control Board,VT,,,,,,,,,,,,,,2023-08-13T15:34:53.223750,,,,,
Backcountry Botanicals LLC,"
SCLT0061
",Adult-Use,,279,,VTCCB,Vermont Cannabis Control Board,VT,,,,,,,,,,,,,,2023-08-13T15:34:53.223750,,,,,
Dirt Rich Farms LLC,"
SCLT0093
",Adult-Use,,280,,VTCCB,Vermont Cannabis Control Board,VT,,,,,,,,,,,,,,2023-08-13T15:34:53.223750,,,,,
1958 LLC,"
SCLT0054
",Adult-Use,,281,,VTCCB,Vermont Cannabis Control Board,VT,,,,,,,,,,,,,,2023-08-13T15:34:53.223750,,,,,
Midnight Farm,"
SCLT0112
",Adult-Use,,282,,VTCCB,Vermont Cannabis Control Board,VT,,,,,,,,,,,,,,2023-08-13T15:34:53.223750,,,,,
Tree Amigos,"
SCLT0205
",Adult-Use,,283,,VTCCB,Vermont Cannabis Control Board,VT,,,,,,,,,,,,,,2023-08-13T15:34:53.223750,,,,,
Maple Maestro LLC,"
SCLT0063
",Adult-Use,,284,,VTCCB,Vermont Cannabis Control Board,VT,,,,,,,,,,,,,,2023-08-13T15:34:53.223750,,,,,
802 Glue LLC,"
SCLT0097
",Adult-Use,,285,,VTCCB,Vermont Cannabis Control Board,VT,,,,,,,,,,,,,,2023-08-13T15:34:53.223750,,,,,
Sky High Cannabis,"
SCLT0128
",Adult-Use,,286,,VTCCB,Vermont Cannabis Control Board,VT,,,,,,,,,,,,,,2023-08-13T15:34:53.223750,,,,,
Island Pond Cannabis Company,"
SCLT0077
",Adult-Use,,287,,VTCCB,Vermont Cannabis Control Board,VT,,,,,,,,,,,,,,2023-08-13T15:34:53.223750,,,,,
Flavorline Cannabis Company LLC,"
SCLT0096
",Adult-Use,,288,,VTCCB,Vermont Cannabis Control Board,VT,,,,,,,,,,,,,,2023-08-13T15:34:53.223750,,,,,
"7 B's Farm, LLC","
SCLT0088
",Adult-Use,,289,,VTCCB,Vermont Cannabis Control Board,VT,,,,,,,,,,,,,,2023-08-13T15:34:53.223750,,,,,
ZsGreenZ,"
SCLT0107
",Adult-Use,,290,,VTCCB,Vermont Cannabis Control Board,VT,,,,,,,,,,,,,,2023-08-13T15:34:53.223750,,,,,
Hidden Valley Farm,"
SCLT0089
",Adult-Use,,291,,VTCCB,Vermont Cannabis Control Board,VT,,,,,,,,,,,,,,2023-08-13T15:34:53.223750,,,,,
"Dalen, LTD","
SCLT0105
",Adult-Use,,292,,VTCCB,Vermont Cannabis Control Board,VT,,,,,,,,,,,,,,2023-08-13T15:34:53.223750,,,,,
Overton View Farm LLC,"
SCLT0173
",Adult-Use,,293,,VTCCB,Vermont Cannabis Control Board,VT,,,,,,,,,,,,,,2023-08-13T15:34:53.223750,,,,,
"LagaMont Breeds, LLC","
SCLT0072
",Adult-Use,,294,,VTCCB,Vermont Cannabis Control Board,VT,,,,,,,,,,,,,,2023-08-13T15:34:53.223750,,,,,
"Orleans Cannabis, LLC","
SCLT0078
",Adult-Use,,295,,VTCCB,Vermont Cannabis Control Board,VT,,,,,,,,,,,,,,2023-08-13T15:34:53.223750,,,,,
Honey Tree Farm LLC,"
SCLT0126
",Adult-Use,,296,,VTCCB,Vermont Cannabis Control Board,VT,,,,,,,,,,,,,,2023-08-13T15:34:53.223750,,,,,
Way High Up There,"
SCLT0116
",Adult-Use,,297,,VTCCB,Vermont Cannabis Control Board,VT,,,,,,,,,,,,,,2023-08-13T15:34:53.223750,,,,,
The Mad Botanist,"
SCLT0098
",Adult-Use,,298,,VTCCB,Vermont Cannabis Control Board,VT,,,,,,,,,,,,,,2023-08-13T15:34:53.223750,,,,,
Cavelion LLC,"
SCLT0073
",Adult-Use,,299,,VTCCB,Vermont Cannabis Control Board,VT,,,,,,,,,,,,,,2023-08-13T15:34:53.223750,,,,,
Green State of Mind,"
SCLT0085
",Adult-Use,,300,,VTCCB,Vermont Cannabis Control Board,VT,,,,,,,,,,,,,,2023-08-13T15:34:53.223750,,,,,
Island Craft Cannabis,"
SCLT0180
",Adult-Use,,301,,VTCCB,Vermont Cannabis Control Board,VT,,,,,,,,,,,,,,2023-08-13T15:34:53.223750,,,,,
Mythic Gardens,"
SCLT0087
",Adult-Use,,302,,VTCCB,Vermont Cannabis Control Board,VT,,,,,,,,,,,,,,2023-08-13T15:34:53.223750,,,,,
Giving Tree Farm,"
SCLT0111
",Adult-Use,,303,,VTCCB,Vermont Cannabis Control Board,VT,,,,,,,,,,,,,,2023-08-13T15:34:53.223750,,,,,
"Vermont Kind Cultivation, LLC","
SCLT0186
",Adult-Use,,304,,VTCCB,Vermont Cannabis Control Board,VT,,,,,,,,,,,,,,2023-08-13T15:34:53.223750,,,,,
Central Vermont Cannabis Ltc Co,"
SCLT0138
",Adult-Use,,305,,VTCCB,Vermont Cannabis Control Board,VT,,,,,,,,,,,,,,2023-08-13T15:34:53.223750,,,,,
Green Mountain Gardens,"
SCLT0110
",Adult-Use,,306,,VTCCB,Vermont Cannabis Control Board,VT,,,,,,,,,,,,,,2023-08-13T15:34:53.223750,,,,,
Smugglers Notch Cannabis Company,"
SCLT0155
",Adult-Use,,307,,VTCCB,Vermont Cannabis Control Board,VT,,,,,,,,,,,,,,2023-08-13T15:34:53.223750,,,,,
Cannabis Dream Nursery LLC,"
SCLT0183
",Adult-Use,,308,,VTCCB,Vermont Cannabis Control Board,VT,,,,,,,,,,,,,,2023-08-13T15:34:53.223750,,,,,
Northeast Kingdom Cannabis,"
SCLT0188
",Adult-Use,,309,,VTCCB,Vermont Cannabis Control Board,VT,,,,,,,,,,,,,,2023-08-13T15:34:53.223750,,,,,
"Smoke Ranch LLC, dba Smoch Ranch dba Smoke Ranch Redemption","
SCLT0131
",Adult-Use,,310,,VTCCB,Vermont Cannabis Control Board,VT,,,,,,,,,,,,,,2023-08-13T15:34:53.223750,,,,,
Boon Botanicals,"
SCLT0192
",Adult-Use,,311,,VTCCB,Vermont Cannabis Control Board,VT,,,,,,,,,,,,,,2023-08-13T15:34:53.223750,,,,,
Little Garden LLC; Little Garden,"
SCLT0175
",Adult-Use,,312,,VTCCB,Vermont Cannabis Control Board,VT,,,,,,,,,,,,,,2023-08-13T15:34:53.223750,,,,,
Legacy Vermont Cannabis,"
SCLT0141
",Adult-Use,,313,,VTCCB,Vermont Cannabis Control Board,VT,,,,,,,,,,,,,,2023-08-13T15:34:53.223750,,,,,
Green Heron Farm,"
SCLT0181
",Adult-Use,,314,,VTCCB,Vermont Cannabis Control Board,VT,,,,,,,,,,,,,,2023-08-13T15:34:53.223750,,,,,
Tree Frog Farms LLC; Tree Frog Farms,"
SCLT0106
",Adult-Use,,315,,VTCCB,Vermont Cannabis Control Board,VT,,,,,,,,,,,,,,2023-08-13T15:34:53.223750,,,,,
Vermont Vital Cultivars,"
SCLT0102
",Adult-Use,,316,,VTCCB,Vermont Cannabis Control Board,VT,,,,,,,,,,,,,,2023-08-13T15:34:53.223750,,,,,
Ammanana Growers LLC; Ammanana Growers,"
SCLT0172
",Adult-Use,,317,,VTCCB,Vermont Cannabis Control Board,VT,,,,,,,,,,,,,,2023-08-13T15:34:53.223750,,,,,
Bubbling Brook Botanicals LLC; Bubbling Brook VT,"
SCLT0202
",Adult-Use,,318,,VTCCB,Vermont Cannabis Control Board,VT,,,,,,,,,,,,,,2023-08-13T15:34:53.223750,,,,,
"JPEAMES, LLC; DBA SUN DAY FARMS","
SCLT0127
",Adult-Use,,319,,VTCCB,Vermont Cannabis Control Board,VT,,,,,,,,,,,,,,2023-08-13T15:34:53.223750,,,,,
Trichome Ranch LLC,"
SCLT0184
",Adult-Use,,320,,VTCCB,Vermont Cannabis Control Board,VT,,,,,,,,,,,,,,2023-08-13T15:34:53.223750,,,,,
Green Valley Cannabis LLC,"
SCLT0156
",Adult-Use,,321,,VTCCB,Vermont Cannabis Control Board,VT,,,,,,,,,,,,,,2023-08-13T15:34:53.223750,,,,,
"GMT Genetix LLC, DBA Fierce Cultivation","
SCLT0163
",Adult-Use,,322,,VTCCB,Vermont Cannabis Control Board,VT,,,,,,,,,,,,,,2023-08-13T15:34:53.223750,,,,,
Lamoille Valley Extraction Solutions LLC DBA Zen Valley Cannabis,"
SCLT0176
",Adult-Use,,323,,VTCCB,Vermont Cannabis Control Board,VT,,,,,,,,,,,,,,2023-08-13T15:34:53.223750,,,,,
Mad Hatter Cannabis and Hemp LLC,"
SCLT0170
",Adult-Use,,324,,VTCCB,Vermont Cannabis Control Board,VT,,,,,,,,,,,,,,2023-08-13T15:34:53.223750,,,,,
Sugarleaf LLC,"
SCLT0124
",Adult-Use,,325,,VTCCB,Vermont Cannabis Control Board,VT,,,,,,,,,,,,,,2023-08-13T15:34:53.223750,,,,,
DRADIS,"
SCLT0204
",Adult-Use,,326,,VTCCB,Vermont Cannabis Control Board,VT,,,,,,,,,,,,,,2023-08-13T15:34:53.223750,,,,,
Vermont Medicine Man Botanicals,"
SCLT0195
",Adult-Use,,327,,VTCCB,Vermont Cannabis Control Board,VT,,,,,,,,,,,,,,2023-08-13T15:34:53.223750,,,,,
T.K. House of Green,"
SCLT0196
",Adult-Use,,328,,VTCCB,Vermont Cannabis Control Board,VT,,,,,,,,,,,,,,2023-08-13T15:34:53.223750,,,,,
Fat Cat Farm LLC,"
SCLT0198
",Adult-Use,,329,,VTCCB,Vermont Cannabis Control Board,VT,,,,,,,,,,,,,,2023-08-13T15:34:53.223750,,,,,
Canna Cultivators Collective,"
SCLT0220
",Adult-Use,,330,,VTCCB,Vermont Cannabis Control Board,VT,,,,,,,,,,,,,,2023-08-13T15:34:53.223750,,,,,
Alive Cannabis Company LLC,"
SCLT0212
",Adult-Use,,331,,VTCCB,Vermont Cannabis Control Board,VT,,,,,,,,,,,,,,2023-08-13T15:34:53.223750,,,,,
EDWARD-HASH-HANDS LLC,"
SCLT0223
",Adult-Use,,332,,VTCCB,Vermont Cannabis Control Board,VT,,,,,,,,,,,,,,2023-08-13T15:34:53.223750,,,,,
"
Vermont Cultivars, LLC
",SCLT0227,Adult-Use,,333,,VTCCB,Vermont Cannabis Control Board,VT,,,,,,,,,,,,,,2023-08-13T15:34:53.223750,,,,,
"
The Empress 802 LLC DBA Green Goddess Goodies
",SCLT0230,Adult-Use,,334,,VTCCB,Vermont Cannabis Control Board,VT,,,,,,,,,,,,,,2023-08-13T15:34:53.223750,,,,,
Kind Green Insight LLC / Swift Hawk Canna,"
SCLT0229
",Adult-Use,,335,,VTCCB,Vermont Cannabis Control Board,VT,,,,,,,,,,,,,,2023-08-13T15:34:53.223750,,,,,
Farmhouse Cannabis LLC,"
SCLT0239
",Adult-Use,,336,,VTCCB,Vermont Cannabis Control Board,VT,,,,,,,,,,,,,,2023-08-13T15:34:53.223750,,,,,
"
CBBK LLC DBA Master Blaster Cultivators
",SCLT0242,Adult-Use,,337,,VTCCB,Vermont Cannabis Control Board,VT,,,,,,,,,,,,,,2023-08-13T15:34:53.223750,,,,,
"
Freedom Flower LLC
",SCLT0271,Adult-Use,,338,,VTCCB,Vermont Cannabis Control Board,VT,,,,,,,,,,,,,,2023-08-13T15:34:53.223750,,,,,
"
Flower Craft Cannabis LLC
",SCLT0269,Adult-Use,,339,,VTCCB,Vermont Cannabis Control Board,VT,,,,,,,,,,,,,,2023-08-13T15:34:53.223750,,,,,
"
High Hopes LLC
",SCLT0272,Adult-Use,,340,,VTCCB,Vermont Cannabis Control Board,VT,,,,,,,,,,,,,,2023-08-13T15:34:53.223750,,,,,
"
Parker Hill Cannabis LLC
",SCLT0275,Adult-Use,,341,,VTCCB,Vermont Cannabis Control Board,VT,,,,,,,,,,,,,,2023-08-13T15:34:53.223750,,,,,
"
In The Weeds LLC
",SCLT0250,Adult-Use,,342,,VTCCB,Vermont Cannabis Control Board,VT,,,,,,,,,,,,,,2023-08-13T15:34:53.223750,,,,,
Grandma'am's Hill Farm LLC DBA Grandma'am's Grass,SCLT0262,Adult-Use,,343,,VTCCB,Vermont Cannabis Control Board,VT,,,,,,,,,,,,,,2023-08-13T15:34:53.223750,,,,,
"
Cold Hollow Cannabis LLC
",SCLT0267,Adult-Use,,344,,VTCCB,Vermont Cannabis Control Board,VT,,,,,,,,,,,,,,2023-08-13T15:34:53.223750,,,,,
"
Rutland Craft Cannabis LTD CO
","
SCLT0292
",Adult-Use,,345,,VTCCB,Vermont Cannabis Control Board,VT,,,,,,,,,,,,,,2023-08-13T15:34:53.223750,,,,,
"
Doh Yey Smokieez LLC d/b/a/ Green Mountain Exotics
","
SCLT0288
",Adult-Use,,346,,VTCCB,Vermont Cannabis Control Board,VT,,,,,,,,,,,,,,2023-08-13T15:34:53.223750,,,,,
"
Armetra Wilcox LLC DBA Boujee Bones
","
SCLT0277
",Adult-Use,,347,,VTCCB,Vermont Cannabis Control Board,VT,,,,,,,,,,,,,,2023-08-13T15:34:53.223750,,,,,
"
The Farm at Bolton Dome LLC
","
SCLT0291
",Adult-Use,,348,,VTCCB,Vermont Cannabis Control Board,VT,,,,,,,,,,,,,,2023-08-13T15:34:53.223750,,,,,
"
Longbottom LLC
","
SCLT0297
",Adult-Use,,349,,VTCCB,Vermont Cannabis Control Board,VT,,,,,,,,,,,,,,2023-08-13T15:34:53.223750,,,,,
"
LGH LLC
","
SCLT0286
",Adult-Use,,350,,VTCCB,Vermont Cannabis Control Board,VT,,,,,,,,,,,,,,2023-08-13T15:34:53.223750,,,,,
"
Volcanic Organic, LLC (DBA Volcanic Botanic)
","
SCLT0285
",Adult-Use,,351,,VTCCB,Vermont Cannabis Control Board,VT,,,,,,,,,,,,,,2023-08-13T15:34:53.223750,,,,,
"
TDN Growers, LLC
","
SCLT0283
",Adult-Use,,352,,VTCCB,Vermont Cannabis Control Board,VT,,,,,,,,,,,,,,2023-08-13T15:34:53.223750,,,,,
"
Rabbit Hill Farm, LLC
","
SCLT0284
",Adult-Use,,353,,VTCCB,Vermont Cannabis Control Board,VT,,,,,,,,,,,,,,2023-08-13T15:34:53.223750,,,,,
"
Juniper Lane LLC dba Juniper Lane
",SCLT0281,Adult-Use,,354,,VTCCB,Vermont Cannabis Control Board,VT,,,,,,,,,,,,,,2023-08-13T15:34:53.223750,,,,,
"
Seven Peaks LLC
","
SCLT0329
",Adult-Use,,355,,VTCCB,Vermont Cannabis Control Board,VT,,,,,,,,,,,,,,2023-08-13T15:34:53.223750,,,,,
"
Hyde Park Headies LLC
","
SCLT0325
",Adult-Use,,356,,VTCCB,Vermont Cannabis Control Board,VT,,,,,,,,,,,,,,2023-08-13T15:34:53.223750,,,,,
"
Vail Farm Cannabis LLC
","
SCLT0326
",Adult-Use,,357,,VTCCB,Vermont Cannabis Control Board,VT,,,,,,,,,,,,,,2023-08-13T15:34:53.223750,,,,,
"
Wicked Windy Farms LLC
","
SCLT0316
",Adult-Use,,358,,VTCCB,Vermont Cannabis Control Board,VT,,,,,,,,,,,,,,2023-08-13T15:34:53.223750,,,,,
"
Milton Gardens LLC
","
SCLT0311
",Adult-Use,,359,,VTCCB,Vermont Cannabis Control Board,VT,,,,,,,,,,,,,,2023-08-13T15:34:53.223750,,,,,
"
All Bliss Cannabis, LLC
","
SCLT0313
",Adult-Use,,360,,VTCCB,Vermont Cannabis Control Board,VT,,,,,,,,,,,,,,2023-08-13T15:34:53.223750,,,,,
"
Terpslurper Farms
","
SCLT0314
",Adult-Use,,361,,VTCCB,Vermont Cannabis Control Board,VT,,,,,,,,,,,,,,2023-08-13T15:34:53.223750,,,,,
"
Stillmore Farms, LLC
","
SCLT0308
",Adult-Use,,362,,VTCCB,Vermont Cannabis Control Board,VT,,,,,,,,,,,,,,2023-08-13T15:34:53.223750,,,,,
"
TruCanna LLC
","
SCLT0309
",Adult-Use,,363,,VTCCB,Vermont Cannabis Control Board,VT,,,,,,,,,,,,,,2023-08-13T15:34:53.223750,,,,,
"
Root to Vitality Cannabis LLC
","
SCLT0307
",Adult-Use,,364,,VTCCB,Vermont Cannabis Control Board,VT,,,,,,,,,,,,,,2023-08-13T15:34:53.223750,,,,,
"
Secret Laboratory, LLC
","
SCLT0305
",Adult-Use,,365,,VTCCB,Vermont Cannabis Control Board,VT,,,,,,,,,,,,,,2023-08-13T15:34:53.223750,,,,,
"
Veracious Cultivation & Genetics, LLC
","
SCLT0300
",Adult-Use,,366,,VTCCB,Vermont Cannabis Control Board,VT,,,,,,,,,,,,,,2023-08-13T15:34:53.223750,,,,,
,,Adult-Use,,367,,VTCCB,Vermont Cannabis Control Board,VT,,,,,,,,,,,,,,2023-08-13T15:34:53.223750,,,,,
"
Holland Cannabis LLC
","
CLTV0057
",Adult-Use,,368,,VTCCB,Vermont Cannabis Control Board,VT,,,,,,,,,,,,,,2023-08-13T15:34:53.223750,,,,,
"
Faustini Farms
","
CLTV0079
",Adult-Use,,369,,VTCCB,Vermont Cannabis Control Board,VT,,,,,,,,,,,,,,2023-08-13T15:34:53.223750,,,,,
"
Stone Leaf Grow LLC
","
CLTV0062
",Adult-Use,,370,,VTCCB,Vermont Cannabis Control Board,VT,,,,,,,,,,,,,,2023-08-13T15:34:53.223750,,,,,
"
Mount Gay Farms LLC
","
CLTV0082
",Adult-Use,,371,,VTCCB,Vermont Cannabis Control Board,VT,,,,,,,,,,,,,,2023-08-13T15:34:53.223750,,,,,
"
Horticultural Professionals
","
CLTV0100
",Adult-Use,,372,,VTCCB,Vermont Cannabis Control Board,VT,,,,,,,,,,,,,,2023-08-13T15:34:53.223750,,,,,
"
First Branch Cannabis
","
CLTV0094
",Adult-Use,,373,,VTCCB,Vermont Cannabis Control Board,VT,,,,,,,,,,,,,,2023-08-13T15:34:53.223750,,,,,
"
YBNRML LLC
","
CLTV0080
",Adult-Use,,374,,VTCCB,Vermont Cannabis Control Board,VT,,,,,,,,,,,,,,2023-08-13T15:34:53.223750,,,,,
"
Vermont Select, LLC
","
CLTV0081
",Adult-Use,,375,,VTCCB,Vermont Cannabis Control Board,VT,,,,,,,,,,,,,,2023-08-13T15:34:53.223750,,,,,
"
Clovis LLC
","
CLTV0099
",Adult-Use,,376,,VTCCB,Vermont Cannabis Control Board,VT,,,,,,,,,,,,,,2023-08-13T15:34:53.223750,,,,,
"
Four Clover Corp
","
CLTV0092
",Adult-Use,,377,,VTCCB,Vermont Cannabis Control Board,VT,,,,,,,,,,,,,,2023-08-13T15:34:53.223750,,,,,
"
Burrington Hill Co., LLC
",CLTV0107,Adult-Use,,378,,VTCCB,Vermont Cannabis Control Board,VT,,,,,,,,,,,,,,2023-08-13T15:34:53.223750,,,,,
"
Ferngully Farm LLC
",CLTV0244,Adult-Use,,379,,VTCCB,Vermont Cannabis Control Board,VT,,,,,,,,,,,,,,2023-08-13T15:34:53.223750,,,,,
"
Green Barn Farm LLC
",CLTV0240,Adult-Use,,380,,VTCCB,Vermont Cannabis Control Board,VT,,,,,,,,,,,,,,2023-08-13T15:34:53.223750,,,,,
"
Pressure Lab Cultivation LLC
","
CLTV0251
",Adult-Use,,381,,VTCCB,Vermont Cannabis Control Board,VT,,,,,,,,,,,,,,2023-08-13T15:34:53.223750,,,,,
"
Bernis Dobis, LLC
","
CLTV0293
",Adult-Use,,382,,VTCCB,Vermont Cannabis Control Board,VT,,,,,,,,,,,,,,2023-08-13T15:34:53.223750,,,,,
"
Green Mountain Cure LLC
","
CLTV0258
",Adult-Use,,383,,VTCCB,Vermont Cannabis Control Board,VT,,,,,,,,,,,,,,2023-08-13T15:34:53.223750,,,,,
,,Adult-Use,,384,,VTCCB,Vermont Cannabis Control Board,VT,,,,,,,,,,,,,,2023-08-13T15:34:53.223750,,,,,
"
Family Tree, LLC; Family Tree Hemp Company
","
CLTV0014
",Adult-Use,,385,,VTCCB,Vermont Cannabis Control Board,VT,,,,,,,,,,,,,,2023-08-13T15:34:53.223750,,,,,
"
Wolf Creek Farm LLC
","
CLTV0088
",Adult-Use,,386,,VTCCB,Vermont Cannabis Control Board,VT,,,,,,,,,,,,,,2023-08-13T15:34:53.223750,,,,,
"
Trombly House of Cannabis LLC
",CLTV0108,Adult-Use,,387,,VTCCB,Vermont Cannabis Control Board,VT,,,,,,,,,,,,,,2023-08-13T15:34:53.223750,,,,,
Green Mountain Synergy Farm LLC,"
CLTV0091
",Adult-Use,,388,,VTCCB,Vermont Cannabis Control Board,VT,,,,,,,,,,,,,,2023-08-13T15:34:53.223750,,,,,
,,Adult-Use,,389,,VTCCB,Vermont Cannabis Control Board,VT,,,,,,,,,,,,,,2023-08-13T15:34:53.223750,,,,,
"
Farmers Underground
","
CLTV0076
",Adult-Use,,390,,VTCCB,Vermont Cannabis Control Board,VT,,,,,,,,,,,,,,2023-08-13T15:34:53.223750,,,,,
,,Adult-Use,,391,,VTCCB,Vermont Cannabis Control Board,VT,,,,,,,,,,,,,,2023-08-13T15:34:53.223750,,,,,
"
Rebel East VT LLC
","
CLTV0049
",Adult-Use,,392,,VTCCB,Vermont Cannabis Control Board,VT,,,,,,,,,,,,,,2023-08-13T15:34:53.223750,,,,,
Bia Diagnostics,"
TLAB0029
",Adult-Use,Colchester,393,,VTCCB,Vermont Cannabis Control Board,VT,,,,,,,,,,,,,,2023-08-13T15:34:53.223750,44.5075536,-73.176019,Chittenden County,480 Hercules Dr #101,05446
"Endyne, Inc","
TLAB0028
",Adult-Use,Williston,394,,VTCCB,Vermont Cannabis Control Board,VT,,,,,,,,,,,,,,2023-08-13T15:34:53.223750,44.4757525,-73.1166265,Chittenden County,160 James Brown Dr # F,05495
Onward Analytics,"
TLAB0030
",Adult-Use,Colchester,395,,VTCCB,Vermont Cannabis Control Board,VT,,,,,,,,,,,,,,2023-08-13T15:34:53.223750,44.5087803,-73.1863532,Chittenden County,261 Mountain View Dr,05446
"Champlain Valley Dispensary, Inc, CeresMED, Ceres",Integrated,Adult-Use,,396,,VTCCB,Vermont Cannabis Control Board,VT,,,,,,,,,,,,,,2023-08-13T15:34:53.223750,,,,,
Vermont Patients Alliance,Integrated,Adult-Use,,397,,VTCCB,Vermont Cannabis Control Board,VT,,,,,,,,,,,,,,2023-08-13T15:34:53.223750,,,,,
"FWR, Inc DBA Grassroots Vermont",Integrated,Adult-Use,,398,,VTCCB,Vermont Cannabis Control Board,VT,,,,,,,,,,,,,,2023-08-13T15:34:53.223750,,,,,
Mountain Girl Cannabis,"
RTLR0001
",Adult-Use,"Rutland, UK",399,,VTCCB,Vermont Cannabis Control Board,VT,,,,,,,,,,,,,,2023-08-13T15:34:53.223750,52.6583014,-0.639643,Rutland,"Rutland, UK","Rutland, UK"
FLŌRA Cannabis,"
RTLR0002
",Adult-Use,VT 05753,400,,VTCCB,Vermont Cannabis Control Board,VT,,,,,,,,,,,,,,2023-08-13T15:34:53.223750,44.0153371,-73.16734,Addison County,Middlebury,USA
Vermont Bud Barn,"
RTLR0003
",Adult-Use,VT 05301,401,,VTCCB,Vermont Cannabis Control Board,VT,,,,,,,,,,,,,,2023-08-13T15:34:53.223750,42.8509152,-72.5578678,Windham County,Brattleboro,USA
"
Apex Arboretum Inc. dba Green State Dispensary
","
RTLR0004
",Adult-Use,,402,,VTCCB,Vermont Cannabis Control Board,VT,,,,,,,,,,,,,,2023-08-13T15:34:53.223750,,,,,
Gram Central LLC,"
RTLR0007
",Adult-Use,VT 05602,403,,VTCCB,Vermont Cannabis Control Board,VT,,,,,,,,,,,,,,2023-08-13T15:34:53.223750,44.26005929999999,-72.5753869,Washington County,Montpelier,USA
9th State Cannabis,"
RTLR0006
",Adult-Use,VT,404,,VTCCB,Vermont Cannabis Control Board,VT,,,,,,,,,,,,,,2023-08-13T15:34:53.223750,44.2056098,-73.2462341,Addison County,Ferrisburgh,USA
Lamoille County Cannabis,"
RTLR0005
",Adult-Use,"Morrisville, NC, USA",405,,VTCCB,Vermont Cannabis Control Board,VT,,,,,,,,,,,,,,2023-08-13T15:34:53.223750,35.823483,-78.8255621,Wake County,"Morrisville, NC, USA","Morrisville, NC, USA"
The Green Man,"
RTLR0008
",Adult-Use,VT,406,,VTCCB,Vermont Cannabis Control Board,VT,,,,,,,,,,,,,,2023-08-13T15:34:53.223750,44.4192627,-72.0151183,Caledonia County,St Johnsbury,USA
Juniper Lane LLC DBA Juniper Lane,"
RTLR0012
",Adult-Use,VT 05201,407,,VTCCB,Vermont Cannabis Control Board,VT,,,,,,,,,,,,,,2023-08-13T15:34:53.223750,42.8781345,-73.1967741,Bennington County,Bennington,USA
Native East LLC DBA Winooski Organics,"
RTLR0009
",Adult-Use,VT,408,,VTCCB,Vermont Cannabis Control Board,VT,,,,,,,,,,,,,,2023-08-13T15:34:53.223750,44.491438,-73.1856832,Chittenden County,Winooski,USA
Capital Cannabis Company Inc,"
RTLR0010
",Adult-Use,VT 05602,409,,VTCCB,Vermont Cannabis Control Board,VT,,,,,,,,,,,,,,2023-08-13T15:34:53.223750,44.26005929999999,-72.5753869,Washington County,Montpelier,USA
Kingdom Kind,"
RTLR0011
",Adult-Use,,410,,VTCCB,Vermont Cannabis Control Board,VT,,,,,,,,,,,,,,2023-08-13T15:34:53.223750,,,,,
Grass Queen Inc,"
RTLR0019
",Adult-Use,,411,,VTCCB,Vermont Cannabis Control Board,VT,,,,,,,,,,,,,,2023-08-13T15:34:53.223750,,,,,
ZenBarn Ventures Inc,"
RTLR0014
",Adult-Use,VT,412,,VTCCB,Vermont Cannabis Control Board,VT,,,,,,,,,,,,,,2023-08-13T15:34:53.223750,44.376896,-72.7189485,Washington County,Waterbury Center,USA
The High Country,"
RTLR0015
",Adult-Use,"Derby, UK",413,,VTCCB,Vermont Cannabis Control Board,VT,,,,,,,,,,,,,,2023-08-13T15:34:53.223750,52.9225301,-1.4746186,Derby,"Derby, UK","Derby, UK"
Magic Mann,"
RTLR0013
",Adult-Use,"Essex, UK",414,,VTCCB,Vermont Cannabis Control Board,VT,,,,,,,,,,,,,,2023-08-13T15:34:53.223750,51.57424469999999,0.4856781,Essex,"Essex, UK","Essex, UK"
Higher Elevation,"
RTLR0016
",Adult-Use,"Morrisville, NC, USA",415,,VTCCB,Vermont Cannabis Control Board,VT,,,,,,,,,,,,,,2023-08-13T15:34:53.223750,35.823483,-78.8255621,Wake County,"Morrisville, NC, USA","Morrisville, NC, USA"
Forbins Reserve Inc,"
RTLR0020
",Adult-Use,,416,,VTCCB,Vermont Cannabis Control Board,VT,,,,,,,,,,,,,,2023-08-13T15:34:53.223750,,,,,
Somewhere On The Mountain,"
RTLR0022
",Adult-Use,"Rutland, UK",417,,VTCCB,Vermont Cannabis Control Board,VT,,,,,,,,,,,,,,2023-08-13T15:34:53.223750,52.6583014,-0.639643,Rutland,"Rutland, UK","Rutland, UK"
"Clover VT LLC, DBA Sunday Drive","
RTLR0018
",Adult-Use,,418,,VTCCB,Vermont Cannabis Control Board,VT,,,,,,,,,,,,,,2023-08-13T15:34:53.223750,,,,,
"Vermont Hemp Craft LLC, DBA Green Leaf Central","
RTLR0017
",Adult-Use,,419,,VTCCB,Vermont Cannabis Control Board,VT,,,,,,,,,,,,,,2023-08-13T15:34:53.223750,,,,,
EmeraldRose Retail LLC,"
RTLR0021
",Adult-Use,"Bristol, UK",420,,VTCCB,Vermont Cannabis Control Board,VT,,,,,,,,,,,,,,2023-08-13T15:34:53.223750,51.454513,-2.58791,Bristol City,"Bristol, UK","Bristol, UK"
"Epona Farms LLC, DBA Epona Farms Store","
RTLR0025
",Adult-Use,,421,,VTCCB,Vermont Cannabis Control Board,VT,,,,,,,,,,,,,,2023-08-13T15:34:53.223750,,,,,
Northeast Kannabis,"
RTLR0023
",Adult-Use,VT,422,,VTCCB,Vermont Cannabis Control Board,VT,,,,,,,,,,,,,,2023-08-13T15:34:53.223750,44.4192627,-72.0151183,Caledonia County,St Johnsbury,USA
"Ratu's Cannabis Supply, LLC","
RTLR0024
",Adult-Use,"Wilmington, NC, USA",423,,VTCCB,Vermont Cannabis Control Board,VT,,,,,,,,,,,,,,2023-08-13T15:34:53.223750,34.2103894,-77.8868117,New Hanover County,"Wilmington, NC, USA","Wilmington, NC, USA"
Pine Grove Organics LLC,"
RTLR0027
",Adult-Use,,424,,VTCCB,Vermont Cannabis Control Board,VT,,,,,,,,,,,,,,2023-08-13T15:34:53.223750,,,,,
"TTG LLC, DBA The Trap House","
RTLR0029
",Adult-Use,"Fair Haven, NY 13156, USA",425,,VTCCB,Vermont Cannabis Control Board,VT,,,,,,,,,,,,,,2023-08-13T15:34:53.223750,43.3164558,-76.7021747,Cayuga County,"Fair Haven, NY 13156, USA","Fair Haven, NY 13156, USA"
Valley Meade Dispensary,"
RTLR0026
",Adult-Use,VT,426,,VTCCB,Vermont Cannabis Control Board,VT,,,,,,,,,,,,,,2023-08-13T15:34:53.223750,44.1926386,-72.7798479,Washington County,Waitsfield,USA
The Tea House,"
RTLR0033
",Adult-Use,Hartford,427,,VTCCB,Vermont Cannabis Control Board,VT,,,,,,,,,,,,,,2023-08-13T15:34:53.223750,43.6489596,-72.3192579,Windsor County,White River Junction,VT
Cambridge Cannabis Company,"
RTLR0028
",Adult-Use,"Cambridge, UK",428,,VTCCB,Vermont Cannabis Control Board,VT,,,,,,,,,,,,,,2023-08-13T15:34:53.223750,52.1950788,0.1312729,Cambridgeshire,"Cambridge, UK","Cambridge, UK"
"Cannabis Caboose, DBA De Pot Shop","
RTLR0030
",Adult-Use,,429,,VTCCB,Vermont Cannabis Control Board,VT,,,,,,,,,,,,,,2023-08-13T15:34:53.223750,,,,,
VherBio LLC,"
RTLR0036
",Adult-Use,"Randolph, MA 02368, USA",430,,VTCCB,Vermont Cannabis Control Board,VT,,,,,,,,,,,,,,2023-08-13T15:34:53.223750,42.1619739,-71.042551,Norfolk County,"Randolph, MA 02368, USA","Randolph, MA 02368, USA"
"Dalen LTD, DBA Blue Sage","
RTLR0032
",Adult-Use,VT,431,,VTCCB,Vermont Cannabis Control Board,VT,,,,,,,,,,,,,,2023-08-13T15:34:53.223750,44.1926386,-72.7798479,Washington County,Waitsfield,USA
Stone Leaf Cannabis LLC,"
RTLR0031
",Adult-Use,,432,,VTCCB,Vermont Cannabis Control Board,VT,,,,,,,,,,,,,,2023-08-13T15:34:53.223750,,,,,
Theory Wellness of VT Retail LLC,"
RTLR0034
",Adult-Use,VT 05301,433,,VTCCB,Vermont Cannabis Control Board,VT,,,,,,,,,,,,,,2023-08-13T15:34:53.223750,42.8509152,-72.5578678,Windham County,Brattleboro,USA
Mary Jane Mountain,"
RTLR0037
",Adult-Use,Montgomery,434,,VTCCB,Vermont Cannabis Control Board,VT,,,,,,,,,,,,,,2023-08-13T15:34:53.223750,44.8785957,-72.6083426,Franklin County,Montgomery Center,VT
Green Union LLC,"
RTLR0035
",Adult-Use,"Plymouth, MA, USA",435,,VTCCB,Vermont Cannabis Control Board,VT,,,,,,,,,,,,,,2023-08-13T15:34:53.223750,41.9584457,-70.6672621,Plymouth County,"Plymouth, MA, USA","Plymouth, MA, USA"
"Cann Maxx, Cannabis Maximus","
RTLR0040
",Adult-Use,VT 05301,436,,VTCCB,Vermont Cannabis Control Board,VT,,,,,,,,,,,,,,2023-08-13T15:34:53.223750,42.8509152,-72.5578678,Windham County,Brattleboro,USA
Big Intelligence Group LLC DBA Wild Legacy Cannabis,"
RTLR0038
",Adult-Use,"Morrisville, NC, USA",437,,VTCCB,Vermont Cannabis Control Board,VT,,,,,,,,,,,,,,2023-08-13T15:34:53.223750,35.823483,-78.8255621,Wake County,"Morrisville, NC, USA","Morrisville, NC, USA"
Matterhorn Apothecary,"
RTLR0041
",Adult-Use,"Wilmington, NC, USA",438,,VTCCB,Vermont Cannabis Control Board,VT,,,,,,,,,,,,,,2023-08-13T15:34:53.223750,34.2103894,-77.8868117,New Hanover County,"Wilmington, NC, USA","Wilmington, NC, USA"
Bern Legacy Cannabis,"
RTLR0039
",Adult-Use,,439,,VTCCB,Vermont Cannabis Control Board,VT,,,,,,,,,,,,,,2023-08-13T15:34:53.223750,,,,,
"Silver Therapeutics of Bennington, LLC","
RTLR0042
",Adult-Use,VT 05201,440,,VTCCB,Vermont Cannabis Control Board,VT,,,,,,,,,,,,,,2023-08-13T15:34:53.223750,42.8781345,-73.1967741,Bennington County,Bennington,USA
Giving Tree Cannabis,"
RTLR0043
",Adult-Use,VT,441,,VTCCB,Vermont Cannabis Control Board,VT,,,,,,,,,,,,,,2023-08-13T15:34:53.223750,43.3465552,-73.177286,Rutland County,Pawlet,USA
"New England Cannabis Partners LLC, DBA MothaPlant","
RTLR0045
",Adult-Use,"St Albans, UK",442,,VTCCB,Vermont Cannabis Control Board,VT,,,,,,,,,,,,,,2023-08-13T15:34:53.223750,51.752725,-0.339436,Hertfordshire,"St Albans, UK","St Albans, UK"
Sharp Family Farms DBA The Gas Station,"
RTLR0044
",Adult-Use,"Rutland, UK",443,,VTCCB,Vermont Cannabis Control Board,VT,,,,,,,,,,,,,,2023-08-13T15:34:53.223750,52.6583014,-0.639643,Rutland,"Rutland, UK","Rutland, UK"
The Herb Closet LLC,"
RTLR0047
",Adult-Use,,444,,VTCCB,Vermont Cannabis Control Board,VT,,,,,,,,,,,,,,2023-08-13T15:34:53.223750,,,,,
BB CANN Inc. DBA Float On,"
RTLR0046
",Adult-Use,,445,,VTCCB,Vermont Cannabis Control Board,VT,,,,,,,,,,,,,,2023-08-13T15:34:53.223750,,,,,
"GoodFire, LLP",RTLR0048,Adult-Use,"Waterbury, CT, USA",446,,VTCCB,Vermont Cannabis Control Board,VT,,,,,,,,,,,,,,2023-08-13T15:34:53.223750,41.5581525,-73.0514965,New Haven County,"Waterbury, CT, USA","Waterbury, CT, USA"
"
802Apoth LLC, DBA TRUE-802 Cannabis
",RTLR0049,Adult-Use,,447,,VTCCB,Vermont Cannabis Control Board,VT,,,,,,,,,,,,,,2023-08-13T15:34:53.223750,,,,,
Euphoria Cannabis LLC,"
RTLR0050
",Adult-Use,,448,,VTCCB,Vermont Cannabis Control Board,VT,,,,,,,,,,,,,,2023-08-13T15:34:53.223750,,,,,
"
Cloud9 Cannabis LLC
",RTLR0051,Adult-Use,"Fair Haven, NY 13156, USA",449,,VTCCB,Vermont Cannabis Control Board,VT,,,,,,,,,,,,,,2023-08-13T15:34:53.223750,43.3164558,-76.7021747,Cayuga County,"Fair Haven, NY 13156, USA","Fair Haven, NY 13156, USA"
Mary Jane Junction,"
RTLR0052
",Adult-Use,"St Albans, UK",450,,VTCCB,Vermont Cannabis Control Board,VT,,,,,,,,,,,,,,2023-08-13T15:34:53.223750,51.752725,-0.339436,Hertfordshire,"St Albans, UK","St Albans, UK"
"
Kingdom Boyz
",RTLR0053,Adult-Use,"Derby, UK",451,,VTCCB,Vermont Cannabis Control Board,VT,,,,,,,,,,,,,,2023-08-13T15:34:53.223750,52.9225301,-1.4746186,Derby,"Derby, UK","Derby, UK"
"
Vermont Altern-Native LLC
",RTLR0055,Adult-Use,VT 05440,452,,VTCCB,Vermont Cannabis Control Board,VT,,,,,,,,,,,,,,2023-08-13T15:34:53.223750,44.9750541,-73.30022389999999,Grand Isle County,Alburgh,USA
31° North,"
RTLR0056
",Adult-Use,VT,453,,VTCCB,Vermont Cannabis Control Board,VT,,,,,,,,,,,,,,2023-08-13T15:34:53.223750,44.376896,-72.7189485,Washington County,Waterbury Center,USA
"
TMM Dispensary LLC
",RTLR0057,Adult-Use,"1 Armory St #2, Springfield, MA 01105, USA",454,,VTCCB,Vermont Cannabis Control Board,VT,,,,,,,,,,,,,,2023-08-13T15:34:53.223750,42.1074085,-72.5827199,Hampden County,"1 Armory St #2, Springfield, MA 01105, USA","1 Armory St #2, Springfield, MA 01105, USA"
"
Devils Den Cannabis Company
","
RTLR0058
",Adult-Use,"Bradford, UK",455,,VTCCB,Vermont Cannabis Control Board,VT,,,,,,,,,,,,,,2023-08-13T15:34:53.223750,53.7937996,-1.7563583,West Yorkshire,"Bradford, UK","Bradford, UK"
"
Little City Greens
","
RTLR0062
",Adult-Use,VT 05491,456,,VTCCB,Vermont Cannabis Control Board,VT,,,,,,,,,,,,,,2023-08-13T15:34:53.223750,44.1672771,-73.2540111,Addison County,Vergennes,USA
"
Kushies LLC
","
RTLR0061
",Adult-Use,"Derby, UK",457,,VTCCB,Vermont Cannabis Control Board,VT,,,,,,,,,,,,,,2023-08-13T15:34:53.223750,52.9225301,-1.4746186,Derby,"Derby, UK","Derby, UK"
"
The Dank Closet Dispensary, LLC
","
RTLR0060
",Adult-Use,,458,,VTCCB,Vermont Cannabis Control Board,VT,,,,,,,,,,,,,,2023-08-13T15:34:53.223750,,,,,
Snowbird Botanicals,"
MANU0024
",Adult-Use,,459,,VTCCB,Vermont Cannabis Control Board,VT,,,,,,,,,,,,,,2023-08-13T15:34:53.223750,,,,,
Simple VT LLC; DBA YUT Soda,"
MANU0022
",Adult-Use,,460,,VTCCB,Vermont Cannabis Control Board,VT,,,,,,,,,,,,,,2023-08-13T15:34:53.223750,,,,,
Encore Herbals LLC,"
MANU0009
",Adult-Use,,461,,VTCCB,Vermont Cannabis Control Board,VT,,,,,,,,,,,,,,2023-08-13T15:34:53.223750,,,,,
Vermont Organic Health & Beauty Solutions LLC,"
MANU0014
",Adult-Use,,462,,VTCCB,Vermont Cannabis Control Board,VT,,,,,,,,,,,,,,2023-08-13T15:34:53.223750,,,,,
District 802,"
MANU0015
",Adult-Use,,463,,VTCCB,Vermont Cannabis Control Board,VT,,,,,,,,,,,,,,2023-08-13T15:34:53.223750,,,,,
BLISS POINT CHOCOLATE LLC,"
MANU0033
",Adult-Use,,464,,VTCCB,Vermont Cannabis Control Board,VT,,,,,,,,,,,,,,2023-08-13T15:34:53.223750,,,,,
Bordertown Apothecary LLC,"
MANU0028
",Adult-Use,,465,,VTCCB,Vermont Cannabis Control Board,VT,,,,,,,,,,,,,,2023-08-13T15:34:53.223750,,,,,
"
Big Budz LLC
","
MANU0058
",Adult-Use,,466,,VTCCB,Vermont Cannabis Control Board,VT,,,,,,,,,,,,,,2023-08-13T15:34:53.223750,,,,,
"
RootLand Cannabis LLC
","
MANU0067
",Adult-Use,,467,,VTCCB,Vermont Cannabis Control Board,VT,,,,,,,,,,,,,,2023-08-13T15:34:53.223750,,,,,
"
Moon Rise Alchemy LLC
","
MANU0061
",Adult-Use,,468,,VTCCB,Vermont Cannabis Control Board,VT,,,,,,,,,,,,,,2023-08-13T15:34:53.223750,,,,,
,,Adult-Use,,469,,VTCCB,Vermont Cannabis Control Board,VT,,,,,,,,,,,,,,2023-08-13T15:34:53.223750,,,,,
"
Fog Valley Farm LLC
","
MANU0001
",Adult-Use,,470,,VTCCB,Vermont Cannabis Control Board,VT,,,,,,,,,,,,,,2023-08-13T15:34:53.223750,,,,,
"
Family Tree, LLC
","
MANU0002
",Adult-Use,,471,,VTCCB,Vermont Cannabis Control Board,VT,,,,,,,,,,,,,,2023-08-13T15:34:53.223750,,,,,
"
Dalen Ltd.
","
MANU0003
",Adult-Use,,472,,VTCCB,Vermont Cannabis Control Board,VT,,,,,,,,,,,,,,2023-08-13T15:34:53.223750,,,,,
"
The Cannabis Collective
","
MANU0004
",Adult-Use,,473,,VTCCB,Vermont Cannabis Control Board,VT,,,,,,,,,,,,,,2023-08-13T15:34:53.223750,,,,,
"
Lindie's Kitchen
","
MANU0006
",Adult-Use,,474,,VTCCB,Vermont Cannabis Control Board,VT,,,,,,,,,,,,,,2023-08-13T15:34:53.223750,,,,,
"
Glocanna, LLC
","
MANU0007
",Adult-Use,,475,,VTCCB,Vermont Cannabis Control Board,VT,,,,,,,,,,,,,,2023-08-13T15:34:53.223750,,,,,
"
KnR Cannabis
","
MANU0010
",Adult-Use,,476,,VTCCB,Vermont Cannabis Control Board,VT,,,,,,,,,,,,,,2023-08-13T15:34:53.223750,,,,,
"Green Mountain Hash LLP, DBA Low-Key Alchemy, DBA Luna Xochitl","
MANU0013
",Adult-Use,,477,,VTCCB,Vermont Cannabis Control Board,VT,,,,,,,,,,,,,,2023-08-13T15:34:53.223750,,,,,
"
Purple Lark Farm LLC.   Brand Name: Motherflower
","
MANU0016
",Adult-Use,,478,,VTCCB,Vermont Cannabis Control Board,VT,,,,,,,,,,,,,,2023-08-13T15:34:53.223750,,,,,
"
Altitude Drops
",MANU0017,Adult-Use,,479,,VTCCB,Vermont Cannabis Control Board,VT,,,,,,,,,,,,,,2023-08-13T15:34:53.223750,,,,,
"
Trichome Ranch, LLC
",MANU0018,Adult-Use,,480,,VTCCB,Vermont Cannabis Control Board,VT,,,,,,,,,,,,,,2023-08-13T15:34:53.223750,,,,,
"
Green Queen Incredible Edibles
",MANU0021,Adult-Use,,481,,VTCCB,Vermont Cannabis Control Board,VT,,,,,,,,,,,,,,2023-08-13T15:34:53.223750,,,,,
"
Tir Na Nog Edibles, LLC
",MANU0023,Adult-Use,,482,,VTCCB,Vermont Cannabis Control Board,VT,,,,,,,,,,,,,,2023-08-13T15:34:53.223750,,,,,
"
Vermontourage Apothecary, LLC
",MANU0025,Adult-Use,,483,,VTCCB,Vermont Cannabis Control Board,VT,,,,,,,,,,,,,,2023-08-13T15:34:53.223750,,,,,
"
Vermont Herbal Essentials, LLC
","
MANU0026
",Adult-Use,,484,,VTCCB,Vermont Cannabis Control Board,VT,,,,,,,,,,,,,,2023-08-13T15:34:53.223750,,,,,
"
GROW. by MJ Cultivators, LLC
","
MANU0029
",Adult-Use,,485,,VTCCB,Vermont Cannabis Control Board,VT,,,,,,,,,,,,,,2023-08-13T15:34:53.223750,,,,,
"
Vermont Craft Edibles
","
MANU0030
",Adult-Use,,486,,VTCCB,Vermont Cannabis Control Board,VT,,,,,,,,,,,,,,2023-08-13T15:34:53.223750,,,,,
"
Stone Leaf Process, LLC
","
MANU0031
",Adult-Use,,487,,VTCCB,Vermont Cannabis Control Board,VT,,,,,,,,,,,,,,2023-08-13T15:34:53.223750,,,,,
"
Freedom Flower LLC
","
MANU0032
",Adult-Use,,488,,VTCCB,Vermont Cannabis Control Board,VT,,,,,,,,,,,,,,2023-08-13T15:34:53.223750,,,,,
"
Sunset Lake Cannabis, LLC
","
MANU0034
",Adult-Use,,489,,VTCCB,Vermont Cannabis Control Board,VT,,,,,,,,,,,,,,2023-08-13T15:34:53.223750,,,,,
"
Formulation Station Vt LLC, DBA   Formulation Station
","
MANU0035
",Adult-Use,,490,,VTCCB,Vermont Cannabis Control Board,VT,,,,,,,,,,,,,,2023-08-13T15:34:53.223750,,,,,
"
Flower First
","
MANU0037
",Adult-Use,,491,,VTCCB,Vermont Cannabis Control Board,VT,,,,,,,,,,,,,,2023-08-13T15:34:53.223750,,,,,
"
Bear Mother Cannabis, LLC
","
MANU0039
",Adult-Use,,492,,VTCCB,Vermont Cannabis Control Board,VT,,,,,,,,,,,,,,2023-08-13T15:34:53.223750,,,,,
Vermont Select LLC,MANU0042,Adult-Use,,493,,VTCCB,Vermont Cannabis Control Board,VT,,,,,,,,,,,,,,2023-08-13T15:34:53.223750,,,,,
"
Demeters DG, LLC
",MANU0043,Adult-Use,,494,,VTCCB,Vermont Cannabis Control Board,VT,,,,,,,,,,,,,,2023-08-13T15:34:53.223750,,,,,
"
The Clean Cannabis Company
",MANU0045,Adult-Use,,495,,VTCCB,Vermont Cannabis Control Board,VT,,,,,,,,,,,,,,2023-08-13T15:34:53.223750,,,,,
"
Green Mountain Ganja Guys LLC
",MANU0047,Adult-Use,,496,,VTCCB,Vermont Cannabis Control Board,VT,,,,,,,,,,,,,,2023-08-13T15:34:53.223750,,,,,
"
Colibri Provisions
",MANU0053,Adult-Use,,497,,VTCCB,Vermont Cannabis Control Board,VT,,,,,,,,,,,,,,2023-08-13T15:34:53.223750,,,,,
"
SA Cultivation LLC
",MANU0052,Adult-Use,,498,,VTCCB,Vermont Cannabis Control Board,VT,,,,,,,,,,,,,,2023-08-13T15:34:53.223750,,,,,
Ferngully Farm LLC,MANU0051,Adult-Use,,499,,VTCCB,Vermont Cannabis Control Board,VT,,,,,,,,,,,,,,2023-08-13T15:34:53.223750,,,,,
Sedwin Cannabis LLC,MANU0050,Adult-Use,,500,,VTCCB,Vermont Cannabis Control Board,VT,,,,,,,,,,,,,,2023-08-13T15:34:53.223750,,,,,
"
Theory Wellness of VT Manufacturing LLC, DBA Theory Wellness
",MANU0054,Adult-Use,,501,,VTCCB,Vermont Cannabis Control Board,VT,,,,,,,,,,,,,,2023-08-13T15:34:53.223750,,,,,
Vermont Alter-Native LLC,MANU0055,Adult-Use,,502,,VTCCB,Vermont Cannabis Control Board,VT,,,,,,,,,,,,,,2023-08-13T15:34:53.223750,,,,,
Valley Organics DBA The Evidence Room,"
MANU0056
",Adult-Use,,503,,VTCCB,Vermont Cannabis Control Board,VT,,,,,,,,,,,,,,2023-08-13T15:34:53.223750,,,,,
"
Tao Labs LTD CO
",MANU0057,Adult-Use,,504,,VTCCB,Vermont Cannabis Control Board,VT,,,,,,,,,,,,,,2023-08-13T15:34:53.223750,,,,,
"
Urban Herbn dba The House of Doja
","
MANU0059
",Adult-Use,,505,,VTCCB,Vermont Cannabis Control Board,VT,,,,,,,,,,,,,,2023-08-13T15:34:53.223750,,,,,
"
Vermont Essentials Manufacturing, LLC d/b/a Vermont Essentials
","
MANU0066
",Adult-Use,,506,,VTCCB,Vermont Cannabis Control Board,VT,,,,,,,,,,,,,,2023-08-13T15:34:53.223750,,,,,
"
Rhize Cannabis Company, LLC
","
MANU0065
",Adult-Use,,507,,VTCCB,Vermont Cannabis Control Board,VT,,,,,,,,,,,,,,2023-08-13T15:34:53.223750,,,,,
"
Craft Cannabis Co. Manufacturing, LLC
","
MANU0064
",Adult-Use,,508,,VTCCB,Vermont Cannabis Control Board,VT,,,,,,,,,,,,,,2023-08-13T15:34:53.223750,,,,,
"
Root to Vitality Cannabis LLC
","
MANU0063
",Adult-Use,,509,,VTCCB,Vermont Cannabis Control Board,VT,,,,,,,,,,,,,,2023-08-13T15:34:53.223750,,,,,
"
Last Minute Farm, LLC
","
MANU0062
",Adult-Use,,510,,VTCCB,Vermont Cannabis Control Board,VT,,,,,,,,,,,,,,2023-08-13T15:34:53.223750,,,,,
"
Green River Cannabis Company Edibles LLC
","
MANU0060
",Adult-Use,,511,,VTCCB,Vermont Cannabis Control Board,VT,,,,,,,,,,,,,,2023-08-13T15:34:53.223750,,,,,
,,Adult-Use,,512,,VTCCB,Vermont Cannabis Control Board,VT,,,,,,,,,,,,,,2023-08-13T15:34:53.223750,,,,,
"
Kria Commons, LLC
","
MANU0005
",Adult-Use,,513,,VTCCB,Vermont Cannabis Control Board,VT,,,,,,,,,,,,,,2023-08-13T15:34:53.223750,,,,,
"
X-Tract Vermont LLC
","
MANU0008
",Adult-Use,,514,,VTCCB,Vermont Cannabis Control Board,VT,,,,,,,,,,,,,,2023-08-13T15:34:53.223750,,,,,
"
Satori Investment Partners VT LLC (d/b/a/ Satori VT and Northeast Processing)
","
MANU0011
",Adult-Use,,515,,VTCCB,Vermont Cannabis Control Board,VT,,,,,,,,,,,,,,2023-08-13T15:34:53.223750,,,,,
"
Tilia Processing LLC
","
MANU0012
",Adult-Use,,516,,VTCCB,Vermont Cannabis Control Board,VT,,,,,,,,,,,,,,2023-08-13T15:34:53.223750,,,,,
"
Green Mountain Scientific Corp.
","
MANU0019
",Adult-Use,,517,,VTCCB,Vermont Cannabis Control Board,VT,,,,,,,,,,,,,,2023-08-13T15:34:53.223750,,,,,
"
Drink Taunik LLC
","
MANU0036
",Adult-Use,,518,,VTCCB,Vermont Cannabis Control Board,VT,,,,,,,,,,,,,,2023-08-13T15:34:53.223750,,,,,
Vermont Kind Manufacturing LLC,"
MANU0027
",Adult-Use,,519,,VTCCB,Vermont Cannabis Control Board,VT,,,,,,,,,,,,,,2023-08-13T15:34:53.223750,,,,,
"
Gaston Weed Company
",MANU0044,Adult-Use,,520,,VTCCB,Vermont Cannabis Control Board,VT,,,,,,,,,,,,,,2023-08-13T15:34:53.223750,,,,,
"
Rutland Craft Cannabis LTD CO
",MANU0047,Adult-Use,,521,,VTCCB,Vermont Cannabis Control Board,VT,,,,,,,,,,,,,,2023-08-13T15:34:53.223750,,,,,
Park Rec LLC d/b/a FLORA Cannabis,"
WHSL0001
",Adult-Use,,522,,VTCCB,Vermont Cannabis Control Board,VT,,,,,,,,,,,,,,2023-08-13T15:34:53.223750,,,,,
Mend Botanical LLC,"
WHSL0005
",Adult-Use,,523,,VTCCB,Vermont Cannabis Control Board,VT,,,,,,,,,,,,,,2023-08-13T15:34:53.223750,,,,,
"
Apex Arboretum Inc. dba Upstate Elevator Operators
","
WHSL0004
",Adult-Use,,524,,VTCCB,Vermont Cannabis Control Board,VT,,,,,,,,,,,,,,2023-08-13T15:34:53.223750,,,,,
Big Intelligence Group,"
WHSL0008
",Adult-Use,,525,,VTCCB,Vermont Cannabis Control Board,VT,,,,,,,,,,,,,,2023-08-13T15:34:53.223750,,,,,
Vermont Cannabis Distributors,"
WHSL0002
",Adult-Use,,526,,VTCCB,Vermont Cannabis Control Board,VT,,,,,,,,,,,,,,2023-08-13T15:34:53.223750,,,,,
Northern Craft Cannabis,"
WHSL0003
",Adult-Use,,527,,VTCCB,Vermont Cannabis Control Board,VT,,,,,,,,,,,,,,2023-08-13T15:34:53.223750,,,,,
Ojorojo Cannabis,"
WHSL0007
",Adult-Use,,528,,VTCCB,Vermont Cannabis Control Board,VT,,,,,,,,,,,,,,2023-08-13T15:34:53.223750,,,,,
Family Tree LLC,"
WHSL0009
",Adult-Use,,529,,VTCCB,Vermont Cannabis Control Board,VT,,,,,,,,,,,,,,2023-08-13T15:34:53.223750,,,,,
"
Satori Investment Partners VT LLC (d/b/a/ Satori VT and Northeast Processing)
","
WHSL0006
",Adult-Use,,530,,VTCCB,Vermont Cannabis Control Board,VT,,,,,,,,,,,,,,2023-08-13T15:34:53.223750,,,,,
"
Lavishly Sweet, LLC; Lavishly Sweet
","
WHSL0010
",Adult-Use,,531,,VTCCB,Vermont Cannabis Control Board,VT,,,,,,,,,,,,,,2023-08-13T15:34:53.223750,,,,,
"
Altius THC LLC
","
WHSL0011
",Adult-Use,,532,,VTCCB,Vermont Cannabis Control Board,VT,,,,,,,,,,,,,,2023-08-13T15:34:53.223750,,,,,
